Date,Demand(m3)
01-07-2010,14425009.62
02-07-2010,17515034.58
03-07-2010,22625930.97
04-07-2010,48987782.85
05-07-2010,55162939.62
06-07-2010,26442588.88
07-07-2010,46722253.87
08-07-2010,57604622.05
09-07-2010,67542612.06
10-07-2010,62412143.07
11-07-2010,71921982.35
12-07-2010,30469652.28
13-07-2010,20157336.21
14-07-2010,33574356.7
15-07-2010,33503406
16-07-2010,33500959.43
17-07-2010,48586544.46
18-07-2010,57563030.27
19-07-2010,80998777.75
20-07-2010,86890131.75
21-07-2010,49342536.31
22-07-2010,25591180.58
23-07-2010,18346870.28
24-07-2010,15618938.51
25-07-2010,16242815.28
26-07-2010,16166971.44
27-07-2010,21867492.54
28-07-2010,21353711.67
29-07-2010,21331692.49
30-07-2010,24115895.5
31-07-2010,22437544.65
01-08-2010,24196632.49
02-08-2010,27164328.67
03-08-2010,27352714.99
04-08-2010,22545193.98
05-08-2010,20101064.97
06-08-2010,16741916.7
07-08-2010,19217851.19
08-08-2010,18094873
09-08-2010,24803383.24
10-08-2010,45418229.08
11-08-2010,22816763.87
12-08-2010,17343774.29
13-08-2010,14544891.83
14-08-2010,19775670.42
15-08-2010,16477686.54
16-08-2010,17899146.95
17-08-2010,77947898
18-08-2010,108434676.3
19-08-2010,106778344.6
20-08-2010,67919384.7
21-08-2010,54918282.06
22-08-2010,57996074.14
23-08-2010,105051062.3
24-08-2010,102491944.2
25-08-2010,81179824.35
26-08-2010,107142884.4
27-08-2010,45680012.67
28-08-2010,46279423.69
29-08-2010,56195394.52
30-08-2010,67836201.13
31-08-2010,105694511.7
01-09-2010,109415753.1
02-09-2010,99404365.85
03-09-2010,92297063.79
04-09-2010,68555494.35
05-09-2010,66216568.09
06-09-2010,58054791.96
07-09-2010,68242332.68
08-09-2010,109259172.3
09-09-2010,114027548.1
10-09-2010,139339819.1
11-09-2010,153747702.6
12-09-2010,155653585
13-09-2010,153762382.1
14-09-2010,154975883.6
15-09-2010,152272417.6
16-09-2010,147606797.9
17-09-2010,153309765.6
18-09-2010,153803973.9
19-09-2010,153928749.2
20-09-2010,133600152.7
21-09-2010,119950707.6
22-09-2010,137162366.8
23-09-2010,153383162.9
24-09-2010,125913012.3
25-09-2010,125768664.3
26-09-2010,123879908
27-09-2010,123794277.8
28-09-2010,133565900.7
29-09-2010,119681584.3
30-09-2010,120173346
01-10-2010,123170401
02-10-2010,96808549.16
03-10-2010,70096836.97
04-10-2010,63987737.74
05-10-2010,75183267.6
06-10-2010,80147369.45
07-10-2010,75327615.56
08-10-2010,73000922.18
09-10-2010,67916938.12
10-10-2010,62348532.1
11-10-2010,49026928.06
12-10-2010,51346281.71
13-10-2010,41655395.84
14-10-2010,29867794.69
15-10-2010,27849369.84
16-10-2010,29368693.27
17-10-2010,34117496.47
18-10-2010,34100370.45
19-10-2010,31073956.45
20-10-2010,27465257.47
21-10-2010,27227939.64
22-10-2010,27379627.32
23-10-2010,27435898.56
24-10-2010,27213260.19
25-10-2010,27176561.55
26-10-2010,31834841.46
27-10-2010,30462312.56
28-10-2010,30205422.12
29-10-2010,27961912.31
30-10-2010,22992917.31
31-10-2010,21177558.23
01-11-2010,19670467.67
02-11-2010,19653341.64
03-11-2010,20008095.1
04-11-2010,30885570.13
05-11-2010,27643857.49
06-11-2010,28145405.48
07-11-2010,51062478.95
08-11-2010,40928762.89
09-11-2010,40358710.78
10-11-2010,40605814.91
11-11-2010,43377785.05
12-11-2010,40224149.12
13-11-2010,42404047.97
14-11-2010,39394760
15-11-2010,43074409.68
16-11-2010,39957472.39
17-11-2010,32297244.24
18-11-2010,37077852.93
19-11-2010,37048494.02
20-11-2010,48486234.86
21-11-2010,59853025.01
22-11-2010,59970460.64
23-11-2010,50296700.79
24-11-2010,31807929.13
25-11-2010,30636019.42
26-11-2010,24394805.12
27-11-2010,21630174.71
28-11-2010,32135770.25
29-11-2010,34790304.76
30-11-2010,41180760.18
01-12-2010,37068066.62
02-12-2010,44782119.43
03-12-2010,46303889.44
04-12-2010,43573511.09
05-12-2010,35727343.21
06-12-2010,25637665.51
07-12-2010,25977739.52
08-12-2010,27450578.02
09-12-2010,31744318.16
10-12-2010,43084195.98
11-12-2010,40062675.14
12-12-2010,47791407.4
13-12-2010,46602371.66
14-12-2010,49780473.34
15-12-2010,49939500.76
16-12-2010,47392615.58
17-12-2010,50582950.13
18-12-2010,51047799.49
19-12-2010,52498618.81
20-12-2010,54228347.75
21-12-2010,52435007.85
22-12-2010,44053039.91
23-12-2010,32170022.31
24-12-2010,35118145.89
25-12-2010,43605316.58
26-12-2010,47006056.63
27-12-2010,46462916.85
28-12-2010,47040308.69
29-12-2010,48141267.7
30-12-2010,47595681.35
31-12-2010,54764147.8
01-01-2011,55608216.38
02-01-2011,54580654.63
03-01-2011,58201586.49
04-01-2011,43441396.01
05-01-2011,35852118.56
06-01-2011,48960870.52
07-01-2011,56515895.92
08-01-2011,58189353.61
09-01-2011,58845035.87
10-01-2011,54729895.74
11-01-2011,55710972.55
12-01-2011,52858265.42
13-01-2011,55419830.06
14-01-2011,53981243.61
15-01-2011,43223650.79
16-01-2011,65189006.35
17-01-2011,61563181.34
18-01-2011,63461723.99
19-01-2011,65086250.18
20-01-2011,64144318.58
21-01-2011,65306441.98
22-01-2011,64941902.22
23-01-2011,64249521.33
24-01-2011,58705581.06
25-01-2011,53900506.62
26-01-2011,54128038.15
27-01-2011,52312679.07
28-01-2011,54893816.31
29-01-2011,53193446.28
30-01-2011,54954980.7
31-01-2011,44319716.65
01-02-2011,35927962.4
02-02-2011,46851922.37
03-02-2011,42027275.33
04-02-2011,47010949.79
05-02-2011,54937854.67
06-02-2011,51608065.3
07-02-2011,54416734.07
08-02-2011,53814876.48
09-02-2011,55945843.81
10-02-2011,51047799.49
11-02-2011,50847180.3
12-02-2011,51779325.59
13-02-2011,54671177.93
14-02-2011,54587994.36
15-02-2011,54103572.39
16-02-2011,45909990.77
17-02-2011,44620645.44
18-02-2011,35066767.8
19-02-2011,35291852.75
20-02-2011,34276523.89
21-02-2011,32255652.46
22-02-2011,32336389.45
23-02-2011,29290402.85
24-02-2011,29593778.23
25-02-2011,25483531.25
26-02-2011,26009545
27-02-2011,25610753.18
28-02-2011,25828498.41
01-03-2011,28514838.39
02-03-2011,20140210.18
03-03-2011,40077354.59
04-03-2011,39903647.72
05-03-2011,40463913.53
06-03-2011,46643963.45
07-03-2011,50394563.81
08-03-2011,44691596.13
09-03-2011,48669728.03
10-03-2011,46455577.13
11-03-2011,44569267.36
12-03-2011,42504357.57
13-03-2011,42200982.19
14-03-2011,45327705.79
15-03-2011,45457374.29
16-03-2011,45205377.01
17-03-2011,46805437.44
18-03-2011,51955479.03
19-03-2011,43045050.77
20-03-2011,42181409.59
21-03-2011,35847225.41
22-03-2011,41958771.21
23-03-2011,45131979.74
24-03-2011,44899555.06
25-03-2011,41721453.38
26-03-2011,45464714.02
27-03-2011,46856815.52
28-03-2011,44031020.73
29-03-2011,43338639.84
30-03-2011,43023031.59
31-03-2011,34670422.56
01-04-2011,27267084.85
02-04-2011,23937295.48
03-04-2011,27281764.3
04-04-2011,23325651.59
05-04-2011,37202628.28
06-04-2011,39896308
07-04-2011,39974598.41
08-04-2011,39076705.18
09-04-2011,39191694.23
10-04-2011,40158091.58
11-04-2011,20923114.37
12-04-2011,35490025.38
13-04-2011,32201827.79
14-04-2011,32674016.88
15-04-2011,39321362.73
16-04-2011,25260892.87
17-04-2011,20905988.34
18-04-2011,19993415.65
19-04-2011,31475194.85
20-04-2011,30809726.29
21-04-2011,35685751.42
22-04-2011,35631926.76
23-04-2011,34508948.57
24-04-2011,44583946.81
25-04-2011,31673367.47
26-04-2011,37031367.99
27-04-2011,33936449.88
28-04-2011,37652798.19
29-04-2011,37897455.75
30-04-2011,41748365.71
01-05-2011,37738428.33
02-05-2011,26134320.35
03-05-2011,18841078.55
04-05-2011,28703224.71
05-05-2011,29265937.1
06-05-2011,35101019.86
07-05-2011,27888515.05
08-05-2011,33180458.03
09-05-2011,38051590.01
10-05-2011,36957970.72
11-05-2011,36835641.94
12-05-2011,37317617.33
13-05-2011,36304735.04
14-05-2011,34455123.9
15-05-2011,44190048.14
16-05-2011,42320864.4
17-05-2011,46237831.9
18-05-2011,47321664.88
19-05-2011,44422472.82
20-05-2011,43482987.8
21-05-2011,37601420.1
22-05-2011,34543200.63
23-05-2011,47705777.25
24-05-2011,46810330.59
25-05-2011,48474001.98
26-05-2011,42536163.05
27-05-2011,42188749.32
28-05-2011,46754059.35
29-05-2011,44486083.79
30-05-2011,30354663.23
31-05-2011,39729940.86
01-06-2011,43964963.19
02-06-2011,33760296.44
03-06-2011,40958121.8
04-06-2011,42073760.26
05-06-2011,32206720.95
06-06-2011,31347972.92
07-06-2011,50602522.74
08-06-2011,47947988.23
09-06-2011,42998565.83
10-06-2011,43071963.1
11-06-2011,42844431.57
12-06-2011,40644960.12
13-06-2011,38902998.31
14-06-2011,43157593.25
15-06-2011,38242422.9
16-06-2011,30949181.1
17-06-2011,49264245.89
18-06-2011,58808337.24
19-06-2011,70776984.98
20-06-2011,75511108.73
21-06-2011,77710580.17
22-06-2011,84751824.69
23-06-2011,84228257.52
24-06-2011,89547112.83
25-06-2011,87966625.01
26-06-2011,91616915.77
27-06-2011,92925833.71
28-06-2011,109239599.7
29-06-2011,109107484.6
30-06-2011,107284785.8
01-07-2011,78823772.06
02-07-2011,44650004.35
03-07-2011,48554738.98
04-07-2011,50644114.52
05-07-2011,45900204.47
06-07-2011,51820917.38
07-07-2011,47764495.06
08-07-2011,48341886.9
09-07-2011,37300491.3
10-07-2011,37148803.62
11-07-2011,37532915.99
12-07-2011,37687050.25
13-07-2011,50181711.74
14-07-2011,47683758.07
15-07-2011,43720305.63
16-07-2011,51187254.3
17-07-2011,52924322.96
18-07-2011,36943291.27
19-07-2011,40987480.71
20-07-2011,63190154.1
21-07-2011,80076418.76
22-07-2011,67691853.17
23-07-2011,58651756.4
24-07-2011,58571019.4
25-07-2011,59329457.83
26-07-2011,61697743
27-07-2011,64841592.62
28-07-2011,69262554.69
29-07-2011,75777785.46
30-07-2011,84673534.28
31-07-2011,79371804.99
01-08-2011,65409198.15
02-08-2011,66155403.7
03-08-2011,68286371.04
04-08-2011,70816130.19
05-08-2011,69879091.74
06-08-2011,69976954.76
07-08-2011,71427774.08
08-08-2011,73798505.82
09-08-2011,69925576.67
10-08-2011,82464276.53
11-08-2011,109474470.9
12-08-2011,117051515.5
13-08-2011,113956597.4
14-08-2011,115077129
15-08-2011,136641246.2
16-08-2011,134069895.3
17-08-2011,145549227.9
18-08-2011,147626370.5
19-08-2011,155132464.4
20-08-2011,159658629.3
21-08-2011,156722738.6
22-08-2011,153363590.3
23-08-2011,155210754.8
24-08-2011,155692730.2
25-08-2011,155117785
26-08-2011,155832185
27-08-2011,150459505.1
28-08-2011,153747702.6
29-08-2011,154232124.6
30-08-2011,153101806.7
31-08-2011,153803973.9
01-09-2011,155761234.4
02-09-2011,158038996.2
03-09-2011,138972832.7
04-09-2011,138972832.7
05-09-2011,155516576.8
06-09-2011,153532404
07-09-2011,153591121.8
08-09-2011,155910475.5
09-09-2011,155296385
10-09-2011,156536798.8
11-09-2011,156279908.4
12-09-2011,156238316.6
13-09-2011,156277461.8
14-09-2011,156125774.1
15-09-2011,157317256.4
16-09-2011,160554075.9
17-09-2011,156820601.6
18-09-2011,156840174.2
19-09-2011,157740514
20-09-2011,157855503
21-09-2011,159780958
22-09-2011,162249552.8
23-09-2011,161471541.8
24-09-2011,161111895.1
25-09-2011,163472840.6
26-09-2011,165031309.2
27-09-2011,166056424.4
28-09-2011,167590427.3
29-09-2011,159548533.4
30-09-2011,154391152
01-10-2011,148573195.3
02-10-2011,143738761.9
03-10-2011,129487459.2
04-10-2011,128746146.8
05-10-2011,132545678.7
06-10-2011,130243451
07-10-2011,108111728.3
08-10-2011,75745979.98
09-10-2011,75980851.24
10-10-2011,88546463.42
11-10-2011,73431519.48
12-10-2011,71765401.51
13-10-2011,51994624.24
14-10-2011,49293604.8
15-10-2011,42888469.93
16-10-2011,44104418
17-10-2011,47742475.88
18-10-2011,44982738.63
19-10-2011,49697289.77
20-10-2011,50480193.96
21-10-2011,50761550.15
22-10-2011,46193793.54
23-10-2011,45009650.96
24-10-2011,49031821.21
25-10-2011,45149105.77
26-10-2011,46758952.5
27-10-2011,47316771.73
28-10-2011,47275179.95
29-10-2011,47857464.94
30-10-2011,49902802.12
31-10-2011,40799094.39
01-11-2011,39910987.45
02-11-2011,38854066.8
03-11-2011,41334894.44
04-11-2011,43695839.87
05-11-2011,40395409.41
06-11-2011,43634675.48
07-11-2011,44539908.45
08-11-2011,44216960.47
09-11-2011,46470256.58
10-11-2011,36654595.35
11-11-2011,33498512.85
12-11-2011,36610556.99
13-11-2011,44946039.99
14-11-2011,49278925.35
15-11-2011,50372544.63
16-11-2011,49283818.5
17-11-2011,45572363.34
18-11-2011,45768089.39
19-11-2011,42675617.86
20-11-2011,40145858.71
21-11-2011,40432108.05
22-11-2011,39409439.46
23-11-2011,39634524.41
24-11-2011,43071963.1
25-11-2011,39908540.87
26-11-2011,41574658.84
27-11-2011,42969206.93
28-11-2011,47162637.47
29-11-2011,45665333.22
30-11-2011,44094631.69
01-12-2011,39159888.75
02-12-2011,35203776.03
03-12-2011,35857011.71
04-12-2011,32857510.05
05-12-2011,35110806.16
06-12-2011,41014393.04
07-12-2011,32595726.46
08-12-2011,32720501.82
09-12-2011,39950132.66
10-12-2011,39795998.4
11-12-2011,35127932.19
12-12-2011,34401299.24
13-12-2011,38149453.03
14-12-2011,37486431.05
15-12-2011,33488726.55
16-12-2011,32226293.55
17-12-2011,33341932.02
18-12-2011,31162033.17
19-12-2011,28512391.82
20-12-2011,30944287.95
21-12-2011,31232983.86
22-12-2011,35362803.44
23-12-2011,35108359.58
24-12-2011,34968904.78
25-12-2011,37618546.13
26-12-2011,37290705
27-12-2011,37479091.32
28-12-2011,37285811.85
29-12-2011,37366548.85
30-12-2011,37170822.8
31-12-2011,36957970.72
01-01-2012,33841033.43
02-01-2012,35098573.28
03-01-2012,36921272.09
04-01-2012,33505852.58
05-01-2012,33138866.24
06-01-2012,36566518.63
07-01-2012,32901548.41
08-01-2012,36742672.07
09-01-2012,30917375.61
10-01-2012,38215510.57
11-01-2012,35037408.89
12-01-2012,38800242.14
13-01-2012,38861406.53
14-01-2012,42920275.41
15-01-2012,42110458.9
16-01-2012,44278124.86
17-01-2012,45535664.71
18-01-2012,44530122.15
19-01-2012,47600574.5
20-01-2012,50790909.06
21-01-2012,55943397.23
22-01-2012,51253311.84
23-01-2012,57462720.67
24-01-2012,54198988.84
25-01-2012,60846334.69
26-01-2012,60413290.82
27-01-2012,31127781.11
28-01-2012,52569569.5
29-01-2012,68809938.21
30-01-2012,68310836.79
31-01-2012,60912392.24
01-02-2012,56714068.54
02-02-2012,54169629.93
03-02-2012,55172725.92
04-02-2012,56939153.49
05-02-2012,57066375.42
06-02-2012,50820267.96
07-02-2012,44684256.41
08-02-2012,42912935.69
09-02-2012,40958121.8
10-02-2012,40576456.01
11-02-2012,38009998.22
12-02-2012,37890116.02
13-02-2012,40001510.75
14-02-2012,39671223.04
15-02-2012,43363105.59
16-02-2012,36989776.21
17-02-2012,42063973.96
18-02-2012,42399154.82
19-02-2012,37770233.82
20-02-2012,42193642.47
21-02-2012,42545949.35
22-02-2012,39512195.63
23-02-2012,46629283.99
24-02-2012,43463415.19
25-02-2012,47211568.98
26-02-2012,47884377.27
27-02-2012,46577905.91
28-02-2012,46519188.09
29-02-2012,45464714.02
01-03-2012,42360009.61
02-03-2012,41814423.25
03-03-2012,41973450.66
04-03-2012,38937250.37
05-03-2012,38861406.53
06-03-2012,39923220.33
07-03-2012,42465212.36
08-03-2012,40877384.8
09-03-2012,33146205.97
10-03-2012,51272884.45
11-03-2012,48498467.74
12-03-2012,50472854.23
13-03-2012,51282670.75
14-03-2012,50120547.35
15-03-2012,51994624.24
16-03-2012,44317270.07
17-03-2012,38856513.37
18-03-2012,37373888.57
19-03-2012,33591482.72
20-03-2012,35098573.28
21-03-2012,39184354.5
22-03-2012,41789957.5
23-03-2012,42015042.45
24-03-2012,35154844.52
25-03-2012,35825206.23
26-03-2012,43360659.02
27-03-2012,40302439.54
28-03-2012,42161836.98
29-03-2012,38051590.01
30-03-2012,34653296.53
31-03-2012,32380427.81
01-04-2012,32201827.79
02-04-2012,22369040.54
03-04-2012,21529865.11
04-04-2012,22537854.25
05-04-2012,41887820.52
06-04-2012,37398354.33
07-04-2012,34707121.19
08-04-2012,41508601.3
09-04-2012,40187450.49
10-04-2012,36236230.93
11-04-2012,37755554.36
12-04-2012,41843782.16
13-04-2012,44459171.45
14-04-2012,42729442.52
15-04-2012,39336042.19
16-04-2012,30048841.28
17-04-2012,21020977.39
18-04-2012,22841229.62
19-04-2012,20820358.19
20-04-2012,20340829.38
21-04-2012,20140210.18
22-04-2012,21390410.3
23-04-2012,21150645.9
24-04-2012,24673714.73
25-04-2012,25104312.03
26-04-2012,28813320.62
27-04-2012,28304432.89
28-04-2012,27761293.12
29-04-2012,28399849.34
30-04-2012,28412082.22
01-05-2012,26445035.45
02-05-2012,22427758.35
03-05-2012,25101865.46
04-05-2012,31379778.4
05-05-2012,33633074.51
06-05-2012,39480390.15
07-05-2012,36931058.39
08-05-2012,36742672.07
09-05-2012,31604863.35
10-05-2012,23770928.34
11-05-2012,31166926.32
12-05-2012,38227743.45
13-05-2012,25366095.62
14-05-2012,43903798.8
15-05-2012,53707227.15
16-05-2012,53396512.05
17-05-2012,47832999.18
18-05-2012,51047799.49
19-05-2012,52594035.26
20-05-2012,56356868.5
21-05-2012,52023983.15
22-05-2012,57589942.6
23-05-2012,61602326.55
24-05-2012,54930514.94
25-05-2012,54299298.44
26-05-2012,50666133.7
27-05-2012,52332251.67
28-05-2012,48963317.1
29-05-2012,36769584.4
30-05-2012,36588537.81
31-05-2012,33114400.49
01-06-2012,42996119.26
02-06-2012,48902152.71
03-06-2012,41944091.76
04-06-2012,36187299.42
05-06-2012,35120592.46
06-06-2012,33089934.73
07-06-2012,24397251.69
08-06-2012,25121438.06
09-06-2012,31555931.84
10-06-2012,23369689.95
11-06-2012,22195333.67
12-06-2012,18434947
13-06-2012,20401993.77
14-06-2012,23041848.82
15-06-2012,22753152.9
16-06-2012,22063218.59
17-06-2012,25840731.28
18-06-2012,24886566.81
19-06-2012,24137914.68
20-06-2012,27612052
21-06-2012,29689194.67
22-06-2012,29358906.97
23-06-2012,29987676.89
24-06-2012,36089436.39
25-06-2012,38577603.76
26-06-2012,48496021.16
27-06-2012,53117602.43
28-06-2012,54654051.9
29-06-2012,43906245.37
30-06-2012,25960613.49
01-07-2012,76161897.83
02-07-2012,34494269.11
03-07-2012,24020479.05
04-07-2012,20803232.16
05-07-2012,11787601.15
06-07-2012,12484875.19
07-07-2012,15232379.57
08-07-2012,10153288.66
09-07-2012,10505595.54
10-07-2012,15193234.36
11-07-2012,14128973.98
12-07-2012,13869636.97
13-07-2012,25136117.52
14-07-2012,20091278.67
15-07-2012,25889662.8
16-07-2012,19631322.46
17-07-2012,22682202.21
18-07-2012,22809424.14
19-07-2012,24896353.11
20-07-2012,22819210.44
21-07-2012,18767681.28
22-07-2012,22897500.86
23-07-2012,22833889.9
24-07-2012,24529366.77
25-07-2012,30171170.06
26-07-2012,32419573.02
27-07-2012,43142913.79
28-07-2012,48236684.15
29-07-2012,35103466.43
30-07-2012,26171018.99
31-07-2012,54372695.71
01-08-2012,52963468.17
02-08-2012,38638768.15
03-08-2012,39223499.71
04-08-2012,86863219.42
05-08-2012,109381501.1
06-08-2012,101572031.8
07-08-2012,127358938.4
08-08-2012,135921953
09-08-2012,150444825.6
10-08-2012,150378768.1
11-08-2012,144621975.7
12-08-2012,160319204.7
13-08-2012,162237319.9
14-08-2012,160125925.2
15-08-2012,153600908.1
16-08-2012,115705898.9
17-08-2012,138003988.8
18-08-2012,147239811.6
19-08-2012,155572848
20-08-2012,156818155
21-08-2012,162946826.8
22-08-2012,162560267.9
23-08-2012,163653887.2
24-08-2012,160522270.4
25-08-2012,161302728
26-08-2012,165894950.4
27-08-2012,162249552.8
28-08-2012,156504993.3
29-08-2012,150956159.9
30-08-2012,145945573.1
31-08-2012,138226627.2
01-09-2012,138972832.7
02-09-2012,157119083.8
03-09-2012,156235870
04-09-2012,151758636.7
05-09-2012,154990563
06-09-2012,159276963.5
07-09-2012,156240763.2
08-09-2012,149358546.1
09-09-2012,151582483.3
10-09-2012,147937085.6
11-09-2012,152348261.4
12-09-2012,148414167.9
13-09-2012,149730425.5
14-09-2012,150961053.1
15-09-2012,151814907.9
16-09-2012,148991559.7
17-09-2012,145918660.8
18-09-2012,152086477.8
19-09-2012,152940332.7
20-09-2012,152052225.8
21-09-2012,143508783.8
22-09-2012,150696822.9
23-09-2012,152937886.1
24-09-2012,150733521.5
25-09-2012,151880965.5
26-09-2012,151739064.1
27-09-2012,152690782
28-09-2012,145926000.5
29-09-2012,132004985.5
30-09-2012,129404275.6
01-10-2012,126935680.9
02-10-2012,126742401.4
03-10-2012,97978012.28
04-10-2012,75770445.74
05-10-2012,72435763.22
06-10-2012,63126543.14
07-10-2012,48500914.31
08-10-2012,48415284.17
09-10-2012,62935710.24
10-10-2012,65878940.66
11-10-2012,72244930.33
12-10-2012,59153304.39
13-10-2012,48351673.2
14-10-2012,57795454.95
15-10-2012,54688303.96
16-10-2012,56542808.25
17-10-2012,57019890.49
18-10-2012,56185608.21
19-10-2012,55018591.66
20-10-2012,55627788.98
21-10-2012,54932961.52
22-10-2012,54957427.27
23-10-2012,50294254.21
24-10-2012,55595983.5
25-10-2012,43323960.38
26-10-2012,52831353.09
27-10-2012,61455532.01
28-10-2012,54844884.79
29-10-2012,50754210.42
30-10-2012,53200786
31-10-2012,53146961.34
01-11-2012,53775731.27
02-11-2012,48295401.96
03-11-2012,50896111.81
04-11-2012,44767439.98
05-11-2012,46802990.86
06-11-2012,37476644.75
07-11-2012,41097576.61
08-11-2012,41060877.97
09-11-2012,41078004
10-11-2012,41613804.05
11-11-2012,43967409.76
12-11-2012,45501412.65
13-11-2012,83178676.6
14-11-2012,41816869.83
15-11-2012,69333505.38
16-11-2012,61685510.12
17-11-2012,48270936.21
18-11-2012,33474047.1
19-11-2012,35098573.28
20-11-2012,36637469.32
21-11-2012,50328506.27
22-11-2012,58424224.87
23-11-2012,64937009.07
24-11-2012,56767893.2
25-11-2012,66862464.05
26-11-2012,69631987.61
27-11-2012,68599532.71
28-11-2012,64048902.13
29-11-2012,65189006.35
30-11-2012,66674077.73
01-12-2012,67694299.75
02-12-2012,63544907.56
03-12-2012,63106970.53
04-12-2012,57244975.44
05-12-2012,54979446.45
06-12-2012,49976199.39
07-12-2012,50326059.7
08-12-2012,50467961.08
09-12-2012,49530922.63
10-12-2012,46568119.6
11-12-2012,48111908.8
12-12-2012,49667930.87
13-12-2012,49604319.9
14-12-2012,51507755.7
15-12-2012,46639070.3
16-12-2012,47064774.45
17-12-2012,47072114.17
18-12-2012,46707574.41
19-12-2012,45036563.29
20-12-2012,45276327.7
21-12-2012,43458522.04
22-12-2012,46815223.74
23-12-2012,46895960.73
24-12-2012,49459971.94
25-12-2012,44865303
26-12-2012,45266541.4
27-12-2012,40892064.26
28-12-2012,38511546.22
29-12-2012,39739727.16
30-12-2012,39866949.09
31-12-2012,43519686.43
01-01-2013,45168678.37
02-01-2013,43086642.55
03-01-2013,46825010.04
04-01-2013,46360160.68
05-01-2013,52606268.14
06-01-2013,50299147.37
07-01-2013,50937703.59
08-01-2013,57112860.36
09-01-2013,53822216.2
10-01-2013,55960523.26
11-01-2013,52307785.92
12-01-2013,52745722.95
13-01-2013,54673624.5
14-01-2013,57000317.88
15-01-2013,57930016.6
16-01-2013,56804591.84
17-01-2013,56875542.53
18-01-2013,43047497.34
19-01-2013,43832848.11
20-01-2013,58849929.02
21-01-2013,63899661.02
22-01-2013,62588296.51
23-01-2013,53252164.09
24-01-2013,57232742.56
25-01-2013,56635778.12
26-01-2013,55321967.03
27-01-2013,51842936.56
28-01-2013,51600725.57
29-01-2013,52899857.21
30-01-2013,52141418.78
31-01-2013,54252813.5
01-02-2013,53800197.02
02-02-2013,53800197.02
03-02-2013,50852073.45
04-02-2013,48752911.6
05-02-2013,43069516.52
06-02-2013,35083893.83
07-02-2013,40099373.77
08-02-2013,37728642.03
09-02-2013,35101019.86
10-02-2013,31345526.34
11-02-2013,30846424.92
12-02-2013,32111304.5
13-02-2013,33212263.51
14-02-2013,30905142.74
15-02-2013,32568814.13
16-02-2013,28424315.1
17-02-2013,28321558.92
18-02-2013,30863550.95
19-02-2013,30185849.52
20-02-2013,30146704.31
21-02-2013,29319761.76
22-02-2013,28209016.45
23-02-2013,28490372.64
24-02-2013,29740572.76
25-02-2013,28509945.24
26-02-2013,29588885.07
27-02-2013,30476992.01
28-02-2013,33023877.19
01-03-2013,33557230.67
02-03-2013,30741222.17
03-03-2013,28008397.25
04-03-2013,31418923.61
05-03-2013,32236079.85
06-03-2013,33001858.01
07-03-2013,38465061.28
08-03-2013,38851620.22
09-03-2013,39778872.37
10-03-2013,42846878.15
11-03-2013,41305535.53
12-03-2013,41988130.12
13-03-2013,48058084.13
14-03-2013,52868051.73
15-03-2013,48204878.67
16-03-2013,57051695.97
17-03-2013,33285660.78
18-03-2013,52082700.96
19-03-2013,81906457.29
20-03-2013,60557638.78
21-03-2013,55050397.14
22-03-2013,54287065.56
23-03-2013,50005558.3
24-03-2013,49411040.43
25-03-2013,47402401.88
26-03-2013,45188250.98
27-03-2013,58438904.32
28-03-2013,27465257.47
29-03-2013,47365703.24
30-03-2013,52493725.66
31-03-2013,45357064.69
01-04-2013,40894510.83
02-04-2013,48579204.73
03-04-2013,37173269.37
04-04-2013,45232289.34
05-04-2013,41073110.85
06-04-2013,39154995.6
07-04-2013,38660787.33
08-04-2013,37660137.92
09-04-2013,45357064.69
10-04-2013,50729744.67
11-04-2013,51162788.55
12-04-2013,52564676.35
13-04-2013,53619150.43
14-04-2013,52760402.4
15-04-2013,50218410.37
16-04-2013,60887926.48
17-04-2013,48143714.28
18-04-2013,53817323.05
19-04-2013,49357215.77
20-04-2013,40160538.16
21-04-2013,49985985.69
22-04-2013,39607612.08
23-04-2013,52669879.1
24-04-2013,53107816.13
25-04-2013,56873095.95
26-04-2013,51294903.63
27-04-2013,47642166.28
28-04-2013,56090191.77
29-04-2013,34068564.96
30-04-2013,48168180.03
01-05-2013,43818168.65
02-05-2013,39526875.08
03-05-2013,47035415.54
04-05-2013,51155448.82
05-05-2013,50169478.86
06-05-2013,52197690.02
07-05-2013,56002115.04
08-05-2013,59331904.41
09-05-2013,53041758.59
10-05-2013,28020630.13
11-05-2013,26068262.81
12-05-2013,17720546.93
13-05-2013,17231231.82
14-05-2013,24492668.14
15-05-2013,26327599.82
16-05-2013,27098271.13
17-05-2013,31856860.64
18-05-2013,36299841.89
19-05-2013,46658642.9
20-05-2013,40887171.11
21-05-2013,65396965.27
22-05-2013,54996572.48
23-05-2013,49229993.84
24-05-2013,53792857.3
25-05-2013,51740180.38
26-05-2013,37625885.86
27-05-2013,41151401.27
28-05-2013,54864457.4
29-05-2013,49699736.35
30-05-2013,52288213.31
31-05-2013,52990380.5
01-06-2013,45545451.01
02-06-2013,25353862.74
03-06-2013,16064215.26
04-06-2013,32649551.13
05-06-2013,33530318.33
06-06-2013,33229389.54
07-06-2013,33278321.05
08-06-2013,31115548.24
09-06-2013,32889315.53
10-06-2013,25260892.87
11-06-2013,28023076.7
12-06-2013,24394805.12
13-06-2013,28309326.05
14-06-2013,30273926.24
15-06-2013,35732236.36
16-06-2013,46066571.61
17-06-2013,29089783.66
18-06-2013,94454943.45
19-06-2013,90332463.59
20-06-2013,99125456.23
21-06-2013,106404018.6
22-06-2013,107292125.5
23-06-2013,107260320
24-06-2013,107458492.7
25-06-2013,95856831.26
26-06-2013,93948502.3
27-06-2013,110736903.9
28-06-2013,112239101.3
29-06-2013,107676237.9
30-06-2013,77691007.57
01-07-2013,96970023.15
02-07-2013,108534985.9
03-07-2013,111348547.8
04-07-2013,105775248.7
05-07-2013,106296369.3
06-07-2013,110435975.1
07-07-2013,109912408
08-07-2013,116116923.6
09-07-2013,117912710.1
10-07-2013,114839811.2
11-07-2013,118458296.5
12-07-2013,114624512.5
13-07-2013,107996739.3
14-07-2013,113332720.6
15-07-2013,114264865.9
16-07-2013,114267312.5
17-07-2013,114164556.3
18-07-2013,116300416.8
19-07-2013,147797630.8
20-07-2013,154183193.1
21-07-2013,152619831.3
22-07-2013,150170809.1
23-07-2013,150841170.9
24-07-2013,152255291.5
25-07-2013,153021069.7
26-07-2013,138789339.5
27-07-2013,141791287.8
28-07-2013,152309116.2
29-07-2013,149542039.2
30-07-2013,151303573.6
31-07-2013,152404532.7
01-08-2013,153385609.5
02-08-2013,152446124.4
03-08-2013,147528507.5
04-08-2013,149869880.4
05-08-2013,152536647.7
06-08-2013,151521318.9
07-08-2013,149431943.3
08-08-2013,156519672.8
09-08-2013,154760584.9
10-08-2013,152908527.2
11-08-2013,151499299.7
12-08-2013,149899239.3
13-08-2013,151359844.9
14-08-2013,150750647.6
15-08-2013,150420359.9
16-08-2013,149145694
17-08-2013,154674954.8
18-08-2013,153385609.5
19-08-2013,153733023.2
20-08-2013,154873127.4
21-08-2013,156742311.2
22-08-2013,153571549.2
23-08-2013,152441231.3
24-08-2013,151137206.5
25-08-2013,151012431.1
26-08-2013,151729277.8
27-08-2013,151915217.5
28-08-2013,151619181.9
29-08-2013,154535500
30-08-2013,155526363.1
31-08-2013,155423606.9
01-09-2013,156507439.9
02-09-2013,157647544.1
03-09-2013,157791892.1
04-09-2013,157363741.4
05-09-2013,157725834.5
06-09-2013,154366686.3
07-09-2013,158613941.5
08-09-2013,157468944.1
09-09-2013,158437788
10-09-2013,158440234.6
11-09-2013,157941133.2
12-09-2013,139378964.3
13-09-2013,135435084.4
14-09-2013,139053569.7
15-09-2013,137703060
16-09-2013,131160916.9
17-09-2013,128861135.8
18-09-2013,94234751.65
19-09-2013,86953742.72
20-09-2013,41168527.3
21-09-2013,39805784.7
22-09-2013,69030130.01
23-09-2013,111671495.8
24-09-2013,112877657.6
25-09-2013,131750541.6
26-09-2013,137093862.7
27-09-2013,138728175.2
28-09-2013,144761430.5
29-09-2013,145351055.3
30-09-2013,145940680
01-10-2013,146222036.2
02-10-2013,146359044.4
03-10-2013,137561158.6
04-10-2013,132849054
05-10-2013,131660018.3
06-10-2013,125149680.7
07-10-2013,50729744.67
08-10-2013,126818245.2
09-10-2013,130307062
10-10-2013,140306216.4
11-10-2013,140827337
12-10-2013,134055215.8
13-10-2013,141108693.2
14-10-2013,104784385.6
15-10-2013,130407371.6
16-10-2013,154163620.5
17-10-2013,153843119.1
18-10-2013,154151387.6
19-10-2013,154599111
20-10-2013,137448616.1
21-10-2013,88756868.92
22-10-2013,56283471.24
23-10-2013,55774583.52
24-10-2013,48410391.02
25-10-2013,44593733.11
26-10-2013,37608759.83
27-10-2013,94613970.86
28-10-2013,47832999.18
29-10-2013,52293106.46
30-10-2013,72487141.31
31-10-2013,71506064.5
01-11-2013,30760794.78
02-11-2013,38056483.16
03-11-2013,34599471.86
04-11-2013,12387012.17
05-11-2013,21693785.67
06-11-2013,92509915.86
07-11-2013,54964767
08-11-2013,68281477.88
09-11-2013,55380684.85
10-11-2013,116200107.2
11-11-2013,64866058.37
12-11-2013,37559828.32
13-11-2013,39010647.64
14-11-2013,73871903.09
15-11-2013,71572122.04
16-11-2013,93774795.44
17-11-2013,104209440.3
18-11-2013,73886582.54
19-11-2013,112285586.3
20-11-2013,107801013.2
21-11-2013,55789262.97
22-11-2013,72367259.1
23-11-2013,53631383.31
24-11-2013,63109417.11
25-11-2013,69125546.46
26-11-2013,82750525.87
27-11-2013,63527781.53
28-11-2013,62691052.68
29-11-2013,54333550.5
30-11-2013,63141222.59
01-12-2013,84705339.76
02-12-2013,87606978.4
03-12-2013,67782376.47
04-12-2013,63199940.4
05-12-2013,64102726.79
06-12-2013,56944046.64
07-12-2013,72435763.22
08-12-2013,65524187.2
09-12-2013,68773239.58
10-12-2013,74248675.73
11-12-2013,74077415.44
12-12-2013,74048056.53
13-12-2013,72834555.04
14-12-2013,59620600.33
15-12-2013,49403700.7
16-12-2013,54340890.23
17-12-2013,60031625.03
18-12-2013,69333505.38
19-12-2013,71554996.01
20-12-2013,69064382.07
21-12-2013,58612611.19
22-12-2013,57477400.12
23-12-2013,53450336.71
24-12-2013,61176622.4
25-12-2013,59730696.23
26-12-2013,60599230.56
27-12-2013,66654505.12
28-12-2013,60753364.82
29-12-2013,52505958.54
30-12-2013,45158892.07
31-12-2013,45582149.65
01-01-2014,45300793.45
02-01-2014,59082353.7
03-01-2014,47766941.64
04-01-2014,52197690.02
05-01-2014,50773783.03
06-01-2014,47901503.3
07-01-2014,47774281.37
08-01-2014,40226595.7
09-01-2014,50140119.95
10-01-2014,50964615.92
11-01-2014,59928868.85
12-01-2014,45061029.05
13-01-2014,61651258.06
14-01-2014,47647059.44
15-01-2014,43314174.08
16-01-2014,46550993.58
17-01-2014,55231443.74
18-01-2014,57680465.89
19-01-2014,56396013.71
20-01-2014,79344892.66
21-01-2014,64792661.11
22-01-2014,61731995.05
23-01-2014,44760100.25
24-01-2014,42012595.87
25-01-2014,50658793.98
26-01-2014,38721951.72
27-01-2014,36683954.26
28-01-2014,52880284.6
29-01-2014,42059080.81
30-01-2014,42205875.34
31-01-2014,57279227.5
01-02-2014,60538066.17
02-02-2014,72291415.26
03-02-2014,77911199.37
04-02-2014,77783977.44
05-02-2014,74860319.62
06-02-2014,79435415.96
07-02-2014,94107529.72
08-02-2014,77593144.55
09-02-2014,75281130.62
10-02-2014,89013759.36
11-02-2014,79234796.76
12-02-2014,47228695.01
13-02-2014,74253568.88
14-02-2014,57996074.14
15-02-2014,58879287.93
16-02-2014,69690705.42
17-02-2014,64817126.86
18-02-2014,74522692.19
19-02-2014,82021446.35
20-02-2014,82021446.35
21-02-2014,83066134.12
22-02-2014,82987843.7
23-02-2014,83374402.64
24-02-2014,81309492.85
25-02-2014,76798007.48
26-02-2014,68396466.94
27-02-2014,65942551.63
28-02-2014,61237786.79
01-03-2014,41990576.69
02-03-2014,74170385.31
03-03-2014,70950691.84
04-03-2014,62798702.01
05-03-2014,75009560.73
06-03-2014,72969116.7
07-03-2014,78053100.75
08-03-2014,71586801.49
09-03-2014,65935211.9
10-03-2014,56251665.75
11-03-2014,73380141.39
12-03-2014,74897018.26
13-03-2014,101479061.9
14-03-2014,73140376.99
15-03-2014,64861165.22
16-03-2014,58722707.09
17-03-2014,51067372.1
18-03-2014,32243419.58
19-03-2014,75638330.66
20-03-2014,70104176.69
21-03-2014,69693151.99
22-03-2014,67880239.49
23-03-2014,64976154.27
24-03-2014,59752715.41
25-03-2014,71506064.5
26-03-2014,67753017.56
27-03-2014,73796059.24
28-03-2014,58549000.22
29-03-2014,43891565.92
30-03-2014,44708722.16
31-03-2014,44461618.03
01-04-2014,49885676.09
02-04-2014,42920275.41
03-04-2014,46675768.93
04-04-2014,47522284.08
05-04-2014,46022533.25
06-04-2014,55485887.6
07-04-2014,50991528.26
08-04-2014,49907695.27
09-04-2014,52185457.14
10-04-2014,36045398.03
11-04-2014,50245322.7
12-04-2014,59126392.06
13-04-2014,43316620.66
14-04-2014,47280073.1
15-04-2014,46188900.39
16-04-2014,44605965.99
17-04-2014,46800544.29
18-04-2014,49956626.78
19-04-2014,46482489.46
20-04-2014,57810134.4
21-04-2014,43712965.9
22-04-2014,65159647.44
23-04-2014,64633633.69
24-04-2014,65230598.14
25-04-2014,66801299.66
26-04-2014,50399456.96
27-04-2014,63116756.83
28-04-2014,60195545.59
29-04-2014,50631881.64
30-04-2014,53046651.74
01-05-2014,47877037.54
02-05-2014,35052088.35
03-05-2014,38254655.78
04-05-2014,37770233.82
05-05-2014,40270634.06
06-05-2014,41391165.68
07-05-2014,46910640.19
08-05-2014,49281371.92
09-05-2014,48941297.92
10-05-2014,45435355.11
11-05-2014,45124640.01
12-05-2014,39399653.15
13-05-2014,54622246.42
14-05-2014,49667930.87
15-05-2014,44456724.88
16-05-2014,33050789.52
17-05-2014,11479332.63
18-05-2014,13585834.2
19-05-2014,11349664.12
20-05-2014,13793793.12
21-05-2014,16020176.9
22-05-2014,30807279.71
23-05-2014,34286310.19
24-05-2014,29821309.75
25-05-2014,29275723.4
26-05-2014,32360855.21
27-05-2014,31169372.9
28-05-2014,22696881.66
29-05-2014,25884769.64
30-05-2014,23920169.45
31-05-2014,27753953.39
01-06-2014,27453024.59
02-06-2014,26873186.18
03-06-2014,39962365.54
04-06-2014,18251453.83
05-06-2014,9544091.341
06-06-2014,17727886.66
07-06-2014,12024918.98
08-06-2014,13162576.62
09-06-2014,9353258.445
10-06-2014,10933746.27
11-06-2014,13187042.38
12-06-2014,10204666.75
13-06-2014,12340527.23
14-06-2014,17055078.37
15-06-2014,17040398.92
16-06-2014,16475239.96
17-06-2014,15410979.58
18-06-2014,15283757.65
19-06-2014,16387163.24
20-06-2014,16732130.4
21-06-2014,16115593.35
22-06-2014,15729034.41
23-06-2014,15051332.97
24-06-2014,14510639.77
25-06-2014,14894752.14
26-06-2014,15232379.57
27-06-2014,16338231.73
28-06-2014,21439341.81
29-06-2014,23125032.39
30-06-2014,19100415.56
01-07-2014,21505399.36
02-07-2014,25786906.62
03-07-2014,21172665.08
04-07-2014,21696232.25
05-07-2014,21757396.64
06-07-2014,22765385.78
07-07-2014,25101865.46
08-07-2014,27037106.74
09-07-2014,27416325.96
10-07-2014,12705066.99
11-07-2014,9597916.003
12-07-2014,10131269.48
13-07-2014,10823650.37
14-07-2014,11315412.06
15-07-2014,11457313.44
16-07-2014,11369236.72
17-07-2014,11498905.23
18-07-2014,11569855.92
19-07-2014,11530710.71
20-07-2014,10371033.89
21-07-2014,6498104.743
22-07-2014,10094570.85
23-07-2014,10145948.93
24-07-2014,5326195.039
25-07-2014,5798384.126
26-07-2014,10686642.14
27-07-2014,5211205.987
28-07-2014,8851710.451
29-07-2014,34369493.76
30-07-2014,112317391.8
31-07-2014,116518162
01-08-2014,115272855.1
02-08-2014,111529594.4
03-08-2014,92069532.26
04-08-2014,48689300.63
05-08-2014,11222442.19
06-08-2014,11073201.08
07-08-2014,28920969.94
08-08-2014,36030718.58
09-08-2014,75882988.21
10-08-2014,99260017.89
11-08-2014,57834600.15
12-08-2014,45613955.13
13-08-2014,49181062.33
14-08-2014,42719656.22
15-08-2014,43979642.64
16-08-2014,33581696.42
17-08-2014,41944091.76
18-08-2014,39091384.63
19-08-2014,49239780.14
20-08-2014,57541011.08
21-08-2014,58328808.42
22-08-2014,54013049.1
23-08-2014,59992479.82
24-08-2014,59911742.82
25-08-2014,61712422.45
26-08-2014,81877098.39
27-08-2014,82960931.37
28-08-2014,88221068.87
29-08-2014,122035190
30-08-2014,96576124.48
31-08-2014,76758862.27
01-09-2014,84925531.56
02-09-2014,66414740.72
03-09-2014,68230099.8
04-09-2014,50399456.96
05-09-2014,46186453.81
06-09-2014,70901760.33
07-09-2014,65756611.89
08-09-2014,61215767.61
09-09-2014,123967984.7
10-09-2014,134994700.8
11-09-2014,142488561.8
12-09-2014,146801874.6
13-09-2014,147486915.7
14-09-2014,149791589.9
15-09-2014,151594716.1
16-09-2014,148445973.4
17-09-2014,144051923.6
18-09-2014,146877718.4
19-09-2014,143359542.7
20-09-2014,142258583.7
21-09-2014,144066603.1
22-09-2014,144066603.1
23-09-2014,144066603.1
24-09-2014,143868430.5
25-09-2014,144763877.1
26-09-2014,144705159.3
27-09-2014,120983162.5
28-09-2014,132486960.9
29-09-2014,113271556.2
30-09-2014,95201149
01-10-2014,83009862.88
02-10-2014,95798113.44
03-10-2014,99952398.78
04-10-2014,98596995.91
05-10-2014,100219075.5
06-10-2014,102041774.3
07-10-2014,99252678.16
08-10-2014,60716666.19
09-10-2014,59772288.01
10-10-2014,51935906.43
11-10-2014,30288605.69
12-10-2014,29865348.11
13-10-2014,26361851.88
14-10-2014,30777920.81
15-10-2014,32647104.55
16-10-2014,32091731.89
17-10-2014,35947535.01
18-10-2014,33892411.52
19-10-2014,34362154.03
20-10-2014,34712014.34
21-10-2014,33804334.8
22-10-2014,37765340.67
23-10-2014,39040006.54
24-10-2014,32033014.08
25-10-2014,28644506.9
26-10-2014,29796844
27-10-2014,27898301.35
28-10-2014,28517284.97
29-10-2014,30337537.2
30-10-2014,30579748.18
31-10-2014,30374235.84
01-11-2014,29659835.77
02-11-2014,29613350.83
03-11-2014,28994367.21
04-11-2014,32539455.22
05-11-2014,60398611.36
06-11-2014,70356173.98
07-11-2014,70087050.66
08-11-2014,71095039.8
09-11-2014,72318327.59
10-11-2014,73764253.76
11-11-2014,65088696.75
12-11-2014,52474153.06
13-11-2014,35171970.55
14-11-2014,35832545.96
15-11-2014,40268187.48
16-11-2014,40830899.87
17-11-2014,42017489.02
18-11-2014,40781968.36
19-11-2014,40635173.82
20-11-2014,41290856.08
21-11-2014,41107362.91
22-11-2014,41892713.67
23-11-2014,40938549.19
24-11-2014,41489028.7
25-11-2014,42164283.56
26-11-2014,42401601.39
27-11-2014,43556385.06
28-11-2014,43925817.98
29-11-2014,43509900.13
30-11-2014,44774779.7
01-12-2014,44601072.84
02-12-2014,36241124.08
03-12-2014,40405195.72
04-12-2014,57744076.86
05-12-2014,66192102.34
06-12-2014,65705233.8
07-12-2014,64606721.36
08-12-2014,63647663.73
09-12-2014,60604123.71
10-12-2014,58306789.24
11-12-2014,37315170.76
12-12-2014,37332296.79
13-12-2014,40642513.55
14-12-2014,44451831.73
15-12-2014,39937899.78
16-12-2014,37271132.4
17-12-2014,38829601.04
18-12-2014,39698135.37
19-12-2014,38225296.87
20-12-2014,37520683.11
21-12-2014,38215510.57
22-12-2014,36891913.18
23-12-2014,38288907.84
24-12-2014,54879136.85
25-12-2014,54950087.54
26-12-2014,53929865.53
27-12-2014,54453432.7
28-12-2014,58947792.04
29-12-2014,63777332.24
30-12-2014,61954633.43
31-12-2014,55439402.66
01-01-2015,52107166.72
02-01-2015,37280918.7
03-01-2015,36674167.96
04-01-2015,37283365.28
05-01-2015,37506003.65
06-01-2015,37317617.33
07-01-2015,37070513.2
08-01-2015,37479091.32
09-01-2015,42093332.87
10-01-2015,56770339.78
11-01-2015,56552594.55
12-01-2015,66754814.72
13-01-2015,64225055.57
14-01-2015,61440852.56
15-01-2015,63261104.79
16-01-2015,62402356.76
17-01-2015,74434615.47
18-01-2015,77218818.48
19-01-2015,61663490.94
20-01-2015,66549302.37
21-01-2015,68190954.59
22-01-2015,79511259.8
23-01-2015,78855577.54
24-01-2015,70446697.27
25-01-2015,73282278.37
26-01-2015,60259156.56
27-01-2015,39142762.72
28-01-2015,80387133.86
29-01-2015,80974312
30-01-2015,79141826.89
31-01-2015,77480602.07
01-02-2015,82266103.9
02-02-2015,70380639.73
03-02-2015,64829359.74
04-02-2015,64606721.36
05-02-2015,49682610.32
06-02-2015,44767439.98
07-02-2015,49075859.58
08-02-2015,56900008.28
09-02-2015,50475300.81
10-02-2015,63332055.48
11-02-2015,63221959.58
12-02-2015,62297154.01
13-02-2015,59270740.02
14-02-2015,40268187.48
15-02-2015,41968557.51
16-02-2015,35842332.26
17-02-2015,35409288.38
18-02-2015,37104765.26
19-02-2015,35622140.46
20-02-2015,34746266.4
21-02-2015,33146205.97
22-02-2015,36170173.39
23-02-2015,54316424.47
24-02-2015,52772635.28
25-02-2015,52016643.42
26-02-2015,51512648.85
27-02-2015,54387375.16
28-02-2015,51334048.84
01-03-2015,52288213.31
02-03-2015,54521936.82
03-03-2015,51578706.39
04-03-2015,51001314.56
05-03-2015,48743125.3
06-03-2015,49019588.34
07-03-2015,47859911.51
08-03-2015,49570067.84
09-03-2015,47121045.69
10-03-2015,49479544.55
11-03-2015,49193295.2
12-03-2015,47402401.88
13-03-2015,48929065.04
14-03-2015,46641516.87
15-03-2015,46580352.48
16-03-2015,43512346.7
17-03-2015,40762395.75
18-03-2015,38105414.67
19-03-2015,38352518.8
20-03-2015,36745118.65
21-03-2015,38455274.98
22-03-2015,36419724.1
23-03-2015,40669425.88
24-03-2015,38611855.82
25-03-2015,48471555.41
26-03-2015,44346628.98
27-03-2015,50306487.09
28-03-2015,51705928.32
29-03-2015,49516243.18
30-03-2015,54766594.38
31-03-2015,56038813.68
01-04-2015,50147459.68
02-04-2015,46602371.66
03-04-2015,44701382.44
04-04-2015,45538111.29
05-04-2015,39592932.62
06-04-2015,41714113.65
07-04-2015,36696187.14
08-04-2015,39316469.58
09-04-2015,44023681
10-04-2015,44160689.23
11-04-2015,42166730.14
12-04-2015,36537159.72
13-04-2015,39411886.03
14-04-2015,38430809.22
15-04-2015,39088938.05
16-04-2015,35876584.32
17-04-2015,18858204.58
18-04-2015,25483531.25
19-04-2015,24064517.41
20-04-2015,20039900.58
21-04-2015,10148395.51
22-04-2015,18669818.26
23-04-2015,17962757.91
24-04-2015,19455169.02
25-04-2015,18552382.63
26-04-2015,18782360.73
27-04-2015,16440987.9
28-04-2015,19066163.5
29-04-2015,18708963.47
30-04-2015,16100913.9
01-05-2015,18471645.64
02-05-2015,19391558.05
03-05-2015,17603111.3
04-05-2015,12744212.2
05-05-2015,16763935.88
06-05-2015,11582088.8
07-05-2015,15770626.19
08-05-2015,37674817.37
09-05-2015,32466057.96
10-05-2015,38034463.98
11-05-2015,38599622.94
12-05-2015,38186151.67
13-05-2015,36287609.01
14-05-2015,38252209.21
15-05-2015,38102968.1
16-05-2015,32214060.67
17-05-2015,44547248.18
18-05-2015,34313222.52
19-05-2015,48080103.31
20-05-2015,53117602.43
21-05-2015,66603127.04
22-05-2015,57137326.11
23-05-2015,50558484.38
24-05-2015,43884226.19
25-05-2015,47138171.72
26-05-2015,53193446.28
27-05-2015,52422774.97
28-05-2015,51524881.73
29-05-2015,54690750.53
30-05-2015,53741479.21
31-05-2015,48092336.19
01-06-2015,50384777.51
02-06-2015,47505158.05
03-06-2015,51576259.82
04-06-2015,7745858.289
05-06-2015,11413275.08
06-06-2015,7124428.091
07-06-2015,12470195.74
08-06-2015,12560719.03
09-06-2015,12597417.67
10-06-2015,12597417.67
11-06-2015,16328445.43
12-06-2015,10363694.16
13-06-2015,13201721.83
14-06-2015,23286506.38
15-06-2015,43228543.94
16-06-2015,40395409.41
17-06-2015,41288409.5
18-06-2015,35864351.44
19-06-2015,36586091.24
20-06-2015,44857963.27
21-06-2015,43715412.48
22-06-2015,43355765.87
23-06-2015,46944892.24
24-06-2015,42802839.79
25-06-2015,45753409.94
26-06-2015,58164887.86
27-06-2015,78258613.1
28-06-2015,65414091.3
29-06-2015,58600378.31
30-06-2015,12609650.54
01-07-2015,15714354.96
02-07-2015,17299735.93
03-07-2015,17637363.36
04-07-2015,18657585.38
05-07-2015,19915125.23
06-07-2015,17644703.09
07-07-2015,15440338.49
08-07-2015,19814815.63
09-07-2015,19611749.86
10-07-2015,26452375.18
11-07-2015,26508646.42
12-07-2015,30325304.32
13-07-2015,28174764.39
14-07-2015,28387616.46
15-07-2015,35247814.39
16-07-2015,31529019.51
17-07-2015,28891611.03
18-07-2015,31284361.95
19-07-2015,32429359.32
20-07-2015,36429510.4
21-07-2015,38614302.39
22-07-2015,38695039.39
23-07-2015,33346825.17
24-07-2015,40867598.5
25-07-2015,52936555.84
26-07-2015,55439402.66
27-07-2015,52376290.03
28-07-2015,84372605.48
29-07-2015,123671949
30-07-2015,127434782.3
31-07-2015,141957654.9
01-08-2015,122854792.8
02-08-2015,103778843
03-08-2015,66211674.94
04-08-2015,70458930.15
05-08-2015,84304101.36
06-08-2015,143476978.4
07-08-2015,145138203.2
08-08-2015,145522315.5
09-08-2015,146292986.9
10-08-2015,147315655.4
11-08-2015,136115232.4
12-08-2015,97378601.27
13-08-2015,111984657.5
14-08-2015,144223183.9
15-08-2015,146686885.5
16-08-2015,146141299.2
17-08-2015,145921107.4
18-08-2015,150821598.3
19-08-2015,159294089.5
20-08-2015,159183993.6
21-08-2015,160779160.9
22-08-2015,160351010.1
23-08-2015,155991212.5
24-08-2015,148798280.2
25-08-2015,150811812
26-08-2015,126752187.7
27-08-2015,124290932.7
28-08-2015,116833770.3
29-08-2015,89001526.48
30-08-2015,67591543.57
31-08-2015,65793310.52
01-09-2015,38347625.65
02-09-2015,38653447.6
03-09-2015,38888318.86
04-09-2015,39164781.9
05-09-2015,39211266.83
06-09-2015,39737280.58
07-09-2015,45623741.43
08-09-2015,57443148.06
09-09-2015,70926226.09
10-09-2015,55180065.65
11-09-2015,47351023.79
12-09-2015,39257751.77
13-09-2015,39208820.26
14-09-2015,39453477.82
15-09-2015,44146009.78
16-09-2015,37970853.01
17-09-2015,38394110.59
18-09-2015,48870347.23
19-09-2015,91881145.94
20-09-2015,138865183.4
21-09-2015,133898635
22-09-2015,106213185.7
23-09-2015,68513902.56
24-09-2015,28206569.87
25-09-2015,28891611.03
26-09-2015,25835838.13
27-09-2015,25769780.59
28-09-2015,29033512.42
29-09-2015,30435400.23
30-09-2015,31666027.74
01-10-2015,63515548.65
02-10-2015,47248267.62
03-10-2015,31675814.04
04-10-2015,37890116.02
05-10-2015,37926814.65
06-10-2015,38198384.54
07-10-2015,38156792.76
08-10-2015,38124987.28
09-10-2015,37975746.17
10-10-2015,38213064
11-10-2015,38222850.3
12-10-2015,38357411.96
13-10-2015,43397357.65
14-10-2015,38516439.37
15-10-2015,41586891.72
16-10-2015,42257253.43
17-10-2015,44363755.01
18-10-2015,41900053.4
19-10-2015,42563075.38
20-10-2015,43957623.46
21-10-2015,41312875.26
22-10-2015,42203428.77
23-10-2015,40860258.77
24-10-2015,38036910.55
25-10-2015,38183705.09
26-10-2015,38244869.48
27-10-2015,40251061.46
28-10-2015,54954980.7
29-10-2015,50308933.67
30-10-2015,38230190.03
31-10-2015,33995167.7
01-11-2015,36909039.21
02-11-2015,33821460.83
03-11-2015,37557381.74
04-11-2015,38127433.85
05-11-2015,33383523.8
06-11-2015,37459518.72
07-11-2015,38775776.38
08-11-2015,38699932.54
09-11-2015,36945737.85
10-11-2015,36106562.42
11-11-2015,35105913.01
12-11-2015,34954225.32
13-11-2015,34807430.79
14-11-2015,36111455.57
15-11-2015,35849671.99
16-11-2015,35326104.81
17-11-2015,32529668.92
18-11-2015,36451529.58
19-11-2015,36373239.16
20-11-2015,37542702.29
21-11-2015,37762894.09
22-11-2015,41200332.78
23-11-2015,42775927.45
24-11-2015,43345979.57
25-11-2015,46157094.91
26-11-2015,47380382.7
27-11-2015,48104569.07
28-11-2015,47448886.81
29-11-2015,48447089.65
30-11-2015,48141267.7
01-12-2015,48510700.62
02-12-2015,48870347.23
03-12-2015,49154149.99
04-12-2015,49095432.18
05-12-2015,44473850.91
06-12-2015,48006706.05
07-12-2015,47316771.73
08-12-2015,45897757.9
09-12-2015,45797448.3
10-12-2015,46937552.52
11-12-2015,46186453.81
12-12-2015,45383977.02
13-12-2015,45442694.84
14-12-2015,45479393.47
15-12-2015,45821914.05
16-12-2015,45418229.08
17-12-2015,44547248.18
18-12-2015,42888469.93
19-12-2015,44192494.72
20-12-2015,44437152.27
21-12-2015,46333248.35
22-12-2015,42925168.57
23-12-2015,43142913.79
24-12-2015,43174719.27
25-12-2015,43558831.64
26-12-2015,43551491.91
27-12-2015,43169826.12
28-12-2015,41459669.79
29-12-2015,41144061.54
30-12-2015,42313524.67
31-12-2015,41476795.82
01-01-2016,42098226.02
02-01-2016,41909839.7
03-01-2016,42391815.09
04-01-2016,43275028.87
05-01-2016,42976546.65
06-01-2016,43957623.46
07-01-2016,44199834.44
08-01-2016,45153998.92
09-01-2016,44292804.31
10-01-2016,44138670.05
11-01-2016,44772333.13
12-01-2016,44057933.06
13-01-2016,42668278.13
14-01-2016,41552639.66
15-01-2016,40243721.73
16-01-2016,39619844.96
17-01-2016,38235083.18
18-01-2016,36299841.89
19-01-2016,35612354.15
20-01-2016,35896156.92
21-01-2016,35468006.19
22-01-2016,36845428.25
23-01-2016,36923718.67
24-01-2016,36776924.13
25-01-2016,36874787.15
26-01-2016,37510896.8
27-01-2016,37126784.44
28-01-2016,37589187.22
29-01-2016,38195937.97
30-01-2016,38188598.24
31-01-2016,37973299.59
01-02-2016,38112754.4
02-02-2016,40811327.26
03-02-2016,39720154.55
04-02-2016,39940346.36
05-02-2016,40251061.46
06-02-2016,39267538.07
07-02-2016,39194140.8
08-02-2016,39795998.4
09-02-2016,39673669.62
10-02-2016,39306683.28
11-02-2016,38998414.76
12-02-2016,35783614.44
13-02-2016,36610556.99
14-02-2016,39064472.3
15-02-2016,36238677.5
16-02-2016,34653296.53
17-02-2016,35025176.01
18-02-2016,36153047.36
19-02-2016,37139017.32
20-02-2016,38215510.57
21-02-2016,38090735.22
22-02-2016,36101669.27
23-02-2016,32182255.19
24-02-2016,34163981.41
25-02-2016,35149951.37
26-02-2016,35416628.11
27-02-2016,35115699.31
28-02-2016,37843631.08
29-02-2016,39199033.96
01-03-2016,39255305.19
02-03-2016,39370294.25
03-03-2016,38479740.73
04-03-2016,36131028.18
05-03-2016,36718206.32
06-03-2016,36850321.4
07-03-2016,36811176.19
08-03-2016,37009348.81
09-03-2016,39499962.75
10-03-2016,39389866.85
11-03-2016,39174568.2
12-03-2016,38340285.93
13-03-2016,38274228.39
14-03-2016,38376984.56
15-03-2016,38024677.68
16-03-2016,21806328.15
17-03-2016,15968798.82
18-03-2016,10772272.28
19-03-2016,17840429.14
20-03-2016,17595771.58
21-03-2016,11829192.93
22-03-2016,24140361.26
23-03-2016,15029313.79
24-03-2016,13784006.82
25-03-2016,19259442.97
26-03-2016,21378177.43
27-03-2016,24140361.26
28-03-2016,28835339.8
29-03-2016,29906939.9
30-03-2016,29451876.84
31-03-2016,29148501.47
01-04-2016,29077550.78
02-04-2016,20350615.68
03-04-2016,15552880.97
04-04-2016,10390606.49
05-04-2016,7535452.789
06-04-2016,9617488.608
07-04-2016,7073050.004
08-04-2016,9749603.689
09-04-2016,7625976.085
10-04-2016,14001752.05
11-04-2016,10319655.8
12-04-2016,10087231.12
13-04-2016,10150842.08
14-04-2016,9478033.8
15-04-2016,6427154.051
16-04-2016,9796088.626
17-04-2016,9646847.515
18-04-2016,10351461.28
19-04-2016,12915472.49
20-04-2016,10363694.16
21-04-2016,10097017.42
22-04-2016,9546537.916
23-04-2016,11029162.72
24-04-2016,10260937.99
25-04-2016,10515381.85
26-04-2016,10309869.5
27-04-2016,11890357.32
28-04-2016,10285403.74
29-04-2016,10552080.48
30-04-2016,10172861.26
01-05-2016,10273170.86
02-05-2016,10344121.56
03-05-2016,9661526.969
04-05-2016,6559269.132
05-05-2016,6525017.074
06-05-2016,5101110.086
07-05-2016,9096368.009
08-05-2016,7036351.37
09-05-2016,9637061.213
10-05-2016,6869984.231
11-05-2016,9989368.096
12-05-2016,12925258.79
13-05-2016,13624979.41
14-05-2016,17304629.08
15-05-2016,18664925.11
16-05-2016,35795847.32
17-05-2016,25390561.38
18-05-2016,20450925.28
19-05-2016,19472295.05
20-05-2016,19291248.45
21-05-2016,19619089.58
22-05-2016,21162878.77
23-05-2016,19768330.69
24-05-2016,19386664.9
25-05-2016,20441138.98
26-05-2016,24115895.5
27-05-2016,25106758.61
28-05-2016,24981983.26
29-05-2016,22851015.92
30-05-2016,20277218.41
31-05-2016,24394805.12
01-06-2016,24287155.79
02-06-2016,23817413.28
03-06-2016,24238224.28
04-06-2016,23783161.22
05-06-2016,17192086.61
06-06-2016,25429706.59
07-06-2016,31979189.42
08-06-2016,31333293.46
09-06-2016,32162682.59
10-06-2016,21972695.29
11-06-2016,44253659.11
12-06-2016,39715261.4
13-06-2016,52116953.02
14-06-2016,54521936.82
15-06-2016,59833452.4
16-06-2016,61020041.56
17-06-2016,60772937.43
18-06-2016,66446546.2
19-06-2016,55145813.59
20-06-2016,56753213.75
21-06-2016,43512346.7
22-06-2016,43744771.38
23-06-2016,37520683.11
24-06-2016,33635521.08
25-06-2016,26278668.31
26-06-2016,26513539.57
27-06-2016,27166775.25
28-06-2016,28155191.78
29-06-2016,27303783.48
30-06-2016,26807128.64
01-07-2016,25468851.8
02-07-2016,25813818.95
03-07-2016,25627879.21
04-07-2016,22413078.9
05-07-2016,16010390.6
06-07-2016,23220448.84
07-07-2016,24881673.66
08-07-2016,24040051.66
09-07-2016,34790304.76
10-07-2016,32757200.45
11-07-2016,29420071.36
12-07-2016,56520789.07
13-07-2016,51701035.17
14-07-2016,118592858.1
15-07-2016,134977574.8
16-07-2016,127571790.5
17-07-2016,115737704.4
18-07-2016,116811751.1
19-07-2016,116400726.4
20-07-2016,112028695.8
21-07-2016,99803157.67
22-07-2016,104943413
23-07-2016,100688818
24-07-2016,104901821.2
25-07-2016,106433377.5
26-07-2016,123914160
27-07-2016,125438376.6
28-07-2016,141326438.4
29-07-2016,147347460.9
30-07-2016,147208006.1
31-07-2016,146461800.6
01-08-2016,146290540.3
02-08-2016,149419710.4
03-08-2016,147166414.3
04-08-2016,145610392.3
05-08-2016,143540589.3
06-08-2016,149994655.7
07-08-2016,164037999.5
08-08-2016,162560267.9
09-08-2016,163034903.6
10-08-2016,162587180.2
11-08-2016,162853857
12-08-2016,163404336.5
13-08-2016,159029859.3
14-08-2016,156504993.3
15-08-2016,162095418.5
16-08-2016,163661226.9
17-08-2016,163453268
18-08-2016,161623229.4
19-08-2016,162758440.5
20-08-2016,159927752.6
21-08-2016,162895448.7
22-08-2016,162127224
23-08-2016,161740665.1
24-08-2016,160081886.8
25-08-2016,162068506.2
26-08-2016,163262435.1
27-08-2016,158545437.4
28-08-2016,163546237.8
29-08-2016,164652090
30-08-2016,164138309.1
31-08-2016,163803128.3
01-09-2016,164634964
02-09-2016,164659429.7
03-09-2016,164679002.3
04-09-2016,164864942.1
05-09-2016,163074048.8
06-09-2016,160358349.9
07-09-2016,159957111.5
08-09-2016,159174207.3
09-09-2016,145074592.2
10-09-2016,147345014.4
11-09-2016,148189082.9
12-09-2016,125095856
13-09-2016,82752972.44
14-09-2016,45481840.05
15-09-2016,41887820.52
16-09-2016,40909190.29
17-09-2016,41599124.6
18-09-2016,41900053.4
19-09-2016,46692894.96
20-09-2016,77111169.16
21-09-2016,90452345.8
22-09-2016,78119158.29
23-09-2016,54671177.93
24-09-2016,54952534.12
25-09-2016,36392811.76
26-09-2016,38721951.72
27-09-2016,38095628.37
28-09-2016,46193793.54
29-09-2016,52801994.18
30-09-2016,79479454.32
01-10-2016,99088757.6
02-10-2016,144543685.3
03-10-2016,141725230.2
04-10-2016,143976079.8
05-10-2016,149243557
06-10-2016,151790442.2
07-10-2016,160006043
08-10-2016,160297185.5
09-10-2016,154214998.6
10-10-2016,134334125.4
11-10-2016,130299722.3
12-10-2016,128455004.3
13-10-2016,124679938.2
14-10-2016,98237349.3
15-10-2016,34225145.8
16-10-2016,60046304.48
17-10-2016,128775505.7
18-10-2016,95891083.31
19-10-2016,23401495.43
20-10-2016,35340784.26
21-10-2016,68636231.34
22-10-2016,56674923.33
23-10-2016,56841290.47
24-10-2016,44241426.23
25-10-2016,41055984.82
26-10-2016,50167032.28
27-10-2016,42922721.99
28-10-2016,44999864.66
29-10-2016,50296700.79
30-10-2016,57541011.08
31-10-2016,47788960.82
01-11-2016,44813924.91
02-11-2016,48757804.75
03-11-2016,31255003.04
04-11-2016,26087835.42
05-11-2016,26009545
06-11-2016,29327101.49
07-11-2016,34885721.21
08-11-2016,37706622.85
09-11-2016,35754255.54
10-11-2016,35827652.81
11-11-2016,37026474.84
12-11-2016,37060726.9
13-11-2016,36701080.29
14-11-2016,64511304.91
15-11-2016,85392827.5
16-11-2016,82936465.61
17-11-2016,65367606.37
18-11-2016,71784974.12
19-11-2016,54294405.29
20-11-2016,50093635.02
21-11-2016,48909492.44
22-11-2016,49232440.41
23-11-2016,47333897.76
24-11-2016,48483788.28
25-11-2016,48894812.98
26-11-2016,47874590.97
27-11-2016,46489829.19
28-11-2016,47639719.71
29-11-2016,48730892.42
30-11-2016,49396360.98
01-12-2016,50328506.27
02-12-2016,51546900.91
03-12-2016,53056438.05
04-12-2016,52535317.45
05-12-2016,51894314.64
06-12-2016,50127887.08
07-12-2016,46614604.54
08-12-2016,44194941.29
09-12-2016,45770535.97
10-12-2016,46930212.79
11-12-2016,48231791
12-12-2016,48474001.98
13-12-2016,49618999.35
14-12-2016,49217760.96
15-12-2016,51519988.58
16-12-2016,47987133.44
17-12-2016,47930862.2
18-12-2016,45621294.86
19-12-2016,45200483.86
20-12-2016,45313026.33
21-12-2016,48009152.62
22-12-2016,48701533.51
23-12-2016,49472204.82
24-12-2016,49912588.42
25-12-2016,49249566.44
26-12-2016,49171276.02
27-12-2016,49242226.71
28-12-2016,48628136.24
29-12-2016,49024481.49
30-12-2016,48518040.34
31-12-2016,48977996.55
01-01-2017,46979144.3
02-01-2017,46717360.72
03-01-2017,46942445.67
04-01-2017,46585245.63
05-01-2017,46524081.24
06-01-2017,47539410.11
07-01-2017,48652602
08-01-2017,47265393.65
09-01-2017,47864804.66
10-01-2017,47302092.28
11-01-2017,44466511.18
12-01-2017,44412686.52
13-01-2017,44300144.04
14-01-2017,45129533.16
15-01-2017,42313524.67
16-01-2017,44774779.7
17-01-2017,41484135.55
18-01-2017,40586242.31
19-01-2017,45694692.12
20-01-2017,43717859.05
21-01-2017,44048146.76
22-01-2017,45310579.76
23-01-2017,45119746.86
24-01-2017,45251861.94
25-01-2017,45119746.86
26-01-2017,44625538.59
27-01-2017,45936903.11
28-01-2017,46247618.2
29-01-2017,46095930.52
30-01-2017,46208472.99
31-01-2017,45949135.98
01-02-2017,50401903.54
02-02-2017,53071117.5
03-02-2017,46401752.47
04-02-2017,48016492.35
05-02-2017,45381530.45
06-02-2017,40485932.71
07-02-2017,39876735.39
08-02-2017,36639915.9
09-02-2017,40451680.65
10-02-2017,40248614.88
11-02-2017,41153847.84
12-02-2017,46029872.98
13-02-2017,43446289.16
14-02-2017,39835143.61
15-02-2017,44809031.76
16-02-2017,64714370.69
17-02-2017,62341192.37
18-02-2017,42423620.57
19-02-2017,40346477.9
20-02-2017,40466360.11
21-02-2017,39685902.5
22-02-2017,40737930
23-02-2017,44510549.54
24-02-2017,67777483.31
25-02-2017,64584702.18
26-02-2017,68171381.98
27-02-2017,73656604.44
28-02-2017,73025387.94
01-03-2017,73774040.06
02-03-2017,62297154.01
03-03-2017,42472552.08
04-03-2017,40158091.58
05-03-2017,40960568.37
06-03-2017,39463264.12
07-03-2017,56427819.2
08-03-2017,48743125.3
09-03-2017,39247965.47
10-03-2017,40099373.77
11-03-2017,37026474.84
12-03-2017,39661436.74
13-03-2017,37036261.14
14-03-2017,38912784.61
15-03-2017,28947882.27
16-03-2017,33965808.79
17-03-2017,35176863.7
18-03-2017,31042150.97
19-03-2017,33934003.31
20-03-2017,35543850.04
21-03-2017,32101518.2
22-03-2017,34594578.71
23-03-2017,36243570.65
24-03-2017,36727992.62
25-03-2017,35260047.27
26-03-2017,35798293.9
27-03-2017,35404395.23
28-03-2017,35487578.8
29-03-2017,35387269.2
30-03-2017,35732236.36
31-03-2017,31083742.75
01-04-2017,31492320.88
02-04-2017,26298240.92
03-04-2017,22131722.7
04-04-2017,18246560.68
05-04-2017,16954768.77
06-04-2017,14581590.46
07-04-2017,15141856.27
08-04-2017,16059322.11
09-04-2017,19247210.09
10-04-2017,19494314.23
11-04-2017,19078396.38
12-04-2017,32847723.75
13-04-2017,23504251.6
14-04-2017,32901548.41
15-04-2017,53014846.26
16-04-2017,40737930
17-04-2017,53354920.27
18-04-2017,56273684.93
19-04-2017,50570717.26
20-04-2017,48336993.75
21-04-2017,37183055.68
22-04-2017,26919671.12
23-04-2017,31925364.75
24-04-2017,31754104.46
25-04-2017,30352216.66
26-04-2017,30604213.94
27-04-2017,29243917.92
28-04-2017,29698980.98
29-04-2017,29779717.97
30-04-2017,30036608.41
01-05-2017,29549739.86
02-05-2017,18598867.57
03-05-2017,12418817.65
04-05-2017,18067960.66
05-05-2017,23726889.98
06-05-2017,32395107.27
07-05-2017,30973646.85
08-05-2017,20783659.56
09-05-2017,12599864.24
10-05-2017,12257343.66
11-05-2017,11660379.22
12-05-2017,11834086.08
13-05-2017,12431050.53
14-05-2017,42088439.72
15-05-2017,29182753.53
16-05-2017,34056332.08
17-05-2017,34917526.69
18-05-2017,32830597.72
19-05-2017,31032364.67
20-05-2017,25172816.15
21-05-2017,14630521.97
22-05-2017,15205467.23
23-05-2017,14997508.31
24-05-2017,14897198.71
25-05-2017,14080042.47
26-05-2017,17446530.47
27-05-2017,29831096.06
28-05-2017,32346175.75
29-05-2017,35666178.82
30-05-2017,34689995.16
31-05-2017,36356113.13
01-06-2017,24353213.33
02-06-2017,52530424.3
03-06-2017,59368603.04
04-06-2017,56144016.43
05-06-2017,55926271.2
06-06-2017,53061331.2
07-06-2017,53024632.56
08-06-2017,47086793.63
09-06-2017,24666375.01
10-06-2017,28204123.3
11-06-2017,31281915.38
12-06-2017,30530816.67
13-06-2017,28815767.19
14-06-2017,56124443.82
15-06-2017,68200740.89
16-06-2017,55011251.93
17-06-2017,67315080.53
18-06-2017,63787118.54
19-06-2017,63549800.71
20-06-2017,68122450.47
21-06-2017,61876343.01
22-06-2017,39788658.67
23-06-2017,54047301.16
24-06-2017,92813291.23
25-06-2017,106986303.6
26-06-2017,87540920.86
27-06-2017,102381848.3
28-06-2017,88384989.43
29-06-2017,84345693.15
30-06-2017,53325561.36
01-07-2017,54624692.99
02-07-2017,26268882.01
03-07-2017,17869788.04
04-07-2017,18579294.96
05-07-2017,15450124.79
06-07-2017,16993913.98
07-07-2017,17468549.65
08-07-2017,22682202.21
09-07-2017,17798837.35
10-07-2017,14040897.26
11-07-2017,14165672.61
12-07-2017,13532009.54
13-07-2017,11792494.3
14-07-2017,15168768.6
15-07-2017,14899645.29
16-07-2017,15467250.82
17-07-2017,14774869.93
18-07-2017,14970595.98
19-07-2017,13502650.63
20-07-2017,14618289.1
21-07-2017,16323552.28
22-07-2017,23235128.29
23-07-2017,12976636.88
24-07-2017,6148244.435
25-07-2017,6055274.562
26-07-2017,6732975.998
27-07-2017,3532855.139
28-07-2017,3476583.9
29-07-2017,1971939.918
30-07-2017,2258189.261
31-07-2017,2742611.226
01-08-2017,4264381.237
02-08-2017,7836381.585
03-08-2017,6735422.574
04-08-2017,8037000.783
05-08-2017,7682247.324
06-08-2017,8682896.736
07-08-2017,8815011.818
08-08-2017,8673110.434
09-08-2017,14175458.92
10-08-2017,14784656.23
11-08-2017,12736872.47
12-08-2017,7780110.347
13-08-2017,9453568.044
14-08-2017,12174160.09
15-08-2017,12445729.98
16-08-2017,15149196
17-08-2017,15660530.29
18-08-2017,16670966.01
19-08-2017,17133368.79
20-08-2017,24230884.55
21-08-2017,19271675.85
22-08-2017,17138261.94
23-08-2017,17532160.61
24-08-2017,17375579.77
25-08-2017,20857056.83
26-08-2017,18841078.55
27-08-2017,17507694.86
28-08-2017,17360900.32
29-08-2017,14831141.17
30-08-2017,11234675.07
31-08-2017,4995907.336
01-09-2017,6551929.405
02-09-2017,6781907.51
03-09-2017,8215600.8
04-09-2017,8014981.603
05-09-2017,9558770.794
06-09-2017,9617488.608
07-09-2017,12465302.58
08-09-2017,12780910.83
09-09-2017,14985275.43
10-09-2017,13470845.15
11-09-2017,13363195.82
12-09-2017,16783508.48
13-09-2017,18329744.25
14-09-2017,17055078.37
15-09-2017,18212308.62
16-09-2017,17157834.55
17-09-2017,19482081.35
18-09-2017,19115095.01
19-09-2017,17152941.4
20-09-2017,17757245.57
21-09-2017,18009242.85
22-09-2017,17436744.16
23-09-2017,17436744.16
24-09-2017,21617941.83
25-09-2017,18288152.47
26-09-2017,25686597.02
27-09-2017,25745314.84
28-09-2017,28094027.39
29-09-2017,28571109.63
30-09-2017,25794246.35
01-10-2017,25312270.96
02-10-2017,27570460.22
03-10-2017,27969252.04
04-10-2017,29586438.5
05-10-2017,29640263.16
06-10-2017,27709915.03
07-10-2017,29163180.92
08-10-2017,29432304.24
09-10-2017,30014589.23
10-10-2017,29650049.46
11-10-2017,30291052.27
12-10-2017,31294148.25
13-10-2017,30645805.73
14-10-2017,28387616.46
15-10-2017,28103813.7
16-10-2017,28079347.94
17-10-2017,26420569.7
18-10-2017,26036457.33
19-10-2017,26268882.01
20-10-2017,26560024.51
21-10-2017,26528219.02
22-10-2017,28803534.31
23-10-2017,28086687.67
24-10-2017,29696534.4
25-10-2017,33931556.73
26-10-2017,35404395.23
27-10-2017,35952428.16
28-10-2017,35568315.79
29-10-2017,39084044.9
30-10-2017,34966458.2
31-10-2017,37234433.76
01-11-2017,39406992.88
02-11-2017,39370294.25
03-11-2017,37469305.02
04-11-2017,36534713.15
05-11-2017,39321362.73
06-11-2017,36184852.84
07-11-2017,35069214.38
08-11-2017,35790954.17
09-11-2017,35575655.52
10-11-2017,34768285.58
11-11-2017,35049641.77
12-11-2017,37195288.55
13-11-2017,40082247.74
14-11-2017,39761746.34
15-11-2017,40610708.07
16-11-2017,41422971.16
17-11-2017,41618697.2
18-11-2017,41723899.95
19-11-2017,42523930.17
20-11-2017,43211417.91
21-11-2017,41936752.03
22-11-2017,39979491.57
23-11-2017,40082247.74
24-11-2017,41887820.52
25-11-2017,42005256.15
26-11-2017,43257902.84
27-11-2017,46369946.98
28-11-2017,43284815.18
29-11-2017,46017640.1
30-11-2017,45058582.47
01-12-2017,49227547.26
02-12-2017,44672023.53
03-12-2017,45183357.83
04-12-2017,45026776.99
05-12-2017,41508601.3
06-12-2017,37630779.01
07-12-2017,29006600.09
08-12-2017,25077399.7
09-12-2017,31056830.42
10-12-2017,32603066.19
11-12-2017,38159239.33
12-12-2017,37870543.42
13-12-2017,39563573.72
14-12-2017,35294299.33
15-12-2017,32615299.07
16-12-2017,37696836.55
17-12-2017,36850321.4
18-12-2017,36226444.62
19-12-2017,32955373.07
20-12-2017,34731586.95
21-12-2017,37816718.75
22-12-2017,30393808.44
23-12-2017,37024028.26
24-12-2017,37317617.33
25-12-2017,37322510.49
26-12-2017,38301140.72
27-12-2017,38876085.98
28-12-2017,44331949.52
29-12-2017,37611206.4
30-12-2017,36143261.06
31-12-2017,33965808.79
01-01-2018,31685600.35
02-01-2018,31543698.96
03-01-2018,32262992.18
04-01-2018,32938247.04
05-01-2018,35108359.58
06-01-2018,31318614.01
07-01-2018,32079499.02
08-01-2018,32906441.56
09-01-2018,35817866.5
10-01-2018,32475844.26
11-01-2018,34296096.49
12-01-2018,35088786.98
13-01-2018,32644657.97
14-01-2018,29635370.01
15-01-2018,29574205.62
16-01-2018,30176063.21
17-01-2018,30119791.98
18-01-2018,30371789.26
19-01-2018,32649551.13
20-01-2018,31093529.06
21-01-2018,32373088.09
22-01-2018,32157789.43
23-01-2018,29273276.82
24-01-2018,30956520.82
25-01-2018,28925863.09
26-01-2018,28209016.45
27-01-2018,26924564.27
28-01-2018,26579597.11
29-01-2018,26608956.02
30-01-2018,26249309.41
31-01-2018,25931254.58
01-02-2018,20521875.97
02-02-2018,24512240.74
03-02-2018,23844325.61
04-02-2018,23553183.12
05-02-2018,20079045.79
06-02-2018,20120637.58
07-02-2018,16773722.18
08-02-2018,17982330.52
09-02-2018,18077746.97
10-02-2018,19572604.65
11-02-2018,20135317.03
12-02-2018,20494963.64
13-02-2018,19949377.29
14-02-2018,20255199.23
15-02-2018,20274771.84
16-02-2018,22347021.36
17-02-2018,24079196.87
18-02-2018,21762289.79
19-02-2018,25914128.55
20-02-2018,25965506.64
21-02-2018,23355010.49
22-02-2018,21926210.36
23-02-2018,22611251.52
24-02-2018,26288454.62
25-02-2018,25133670.94
26-02-2018,24989322.98
27-02-2018,25096972.31
28-02-2018,25070059.98
01-03-2018,25451095.12
02-03-2018,25509220.29
03-03-2018,25473744.95
04-03-2018,25280465.48
05-03-2018,25004217.16
06-03-2018,25211961.36
07-03-2018,24818693.34
08-03-2018,25148350.4
09-03-2018,25393600.6
10-03-2018,25150796.97
11-03-2018,24919002.94
12-03-2018,24620771.75
13-03-2018,25437037.33
14-03-2018,23479399.93
15-03-2018,21198305.12
16-03-2018,18585558.26
17-03-2018,10908840.07
18-03-2018,8764400.243
19-03-2018,9416347.555
20-03-2018,8386861.091
21-03-2018,8037454.705
22-03-2018,6953167.801
23-03-2018,8149543.26
24-03-2018,8381967.94
25-03-2018,7970943.242
26-03-2018,8536102.201
27-03-2018,9140406.37
28-03-2018,8800332.364
29-03-2018,8587480.289
30-03-2018,8805225.515
31-03-2018,8567907.684
01-04-2018,8560567.957
02-04-2018,6373329.388
03-04-2018,6569055.434
04-04-2018,6889556.836
05-04-2018,7293241.806
06-04-2018,7293241.806
07-04-2018,7239417.144
08-04-2018,7156233.574
09-04-2018,7351959.62
10-04-2018,7183145.905
11-04-2018,7366639.074
12-04-2018,7332387.016
13-04-2018,7261436.324
14-04-2018,7192932.208
15-04-2018,7503647.306
16-04-2018,7310367.835
17-04-2018,8046787.085
18-04-2018,8692683.039
19-04-2018,7909778.853
20-04-2018,5147595.022
21-04-2018,7329940.44
22-04-2018,7650441.841
23-04-2018,7550132.242
24-04-2018,7760537.742
25-04-2018,8230280.254
26-04-2018,7826595.283
27-04-2018,8059019.963
28-04-2018,7912225.428
29-04-2018,6153137.586
30-04-2018,6441833.504
01-05-2018,6368436.237
02-05-2018,6199622.522
03-05-2018,6449173.231
04-05-2018,6686491.062
05-05-2018,6559269.132
06-05-2018,6608200.644
07-05-2018,6647345.853
08-05-2018,6468745.836
09-05-2018,6595967.766
10-05-2018,7073050.004
11-05-2018,6321951.301
12-05-2018,6542143.103
13-05-2018,6439386.929
14-05-2018,6400241.719
15-05-2018,6424707.475
16-05-2018,6373329.388
17-05-2018,1235520.668
18-05-2018,6434493.778
19-05-2018,6351310.208
20-05-2018,6329291.028
21-05-2018,6363543.086
22-05-2018,6368436.237
23-05-2018,6383115.69
24-05-2018,6363543.086
25-05-2018,6361096.51
26-05-2018,6375775.964
27-05-2018,6432047.202
28-05-2018,6353756.783
29-05-2018,6043041.685
30-05-2018,6087080.045
31-05-2018,5624677.26
01-06-2018,5597764.929
02-06-2018,5517027.935
03-06-2018,5602658.08
04-06-2018,5578192.324
05-06-2018,5609997.807
06-06-2018,5497455.33
07-06-2018,5514581.359
08-06-2018,5507241.632
09-06-2018,5580638.9
10-06-2018,5556173.144
11-06-2018,6153137.586
12-06-2018,6410028.022
13-06-2018,6397795.144
14-06-2018,6361096.51
15-06-2018,6975186.981
16-06-2018,7080389.731
17-06-2018,7523219.911
18-06-2018,7606403.481
19-06-2018,8254746.01
20-06-2018,8330589.853
21-06-2018,8259639.161
22-06-2018,7466948.673
23-06-2018,7332387.016
24-06-2018,6488318.44
25-06-2018,5950071.813
26-06-2018,5140255.295
27-06-2018,4535951.127
28-06-2018,4504145.644
29-06-2018,4540844.278
30-06-2018,4509038.795
01-07-2018,4545737.429
02-07-2018,4555523.731
03-07-2018,4565310.034
04-07-2018,4550630.58
05-07-2018,4592222.365
06-07-2018,4183644.243
07-07-2018,3929200.383
08-07-2018,3963452.441
09-07-2018,3948772.987
10-07-2018,4362244.261
11-07-2018,4971441.58
12-07-2018,5211205.987
13-07-2018,5184293.656
14-07-2018,5130468.993
15-07-2018,5194079.958
16-07-2018,5154934.749
17-07-2018,4323099.051
18-07-2018,3021520.842
19-07-2018,11797387.45
20-07-2018,12663475.21
21-07-2018,10133716.06
22-07-2018,10133716.06
23-07-2018,10126376.33
24-07-2018,11601661.4
25-07-2018,10216899.63
26-07-2018,10123929.75
27-07-2018,10070105.09
28-07-2018,13409680.76
29-07-2018,12895899.89
30-07-2018,15900294.7
31-07-2018,13850064.36
01-08-2018,17705867.48
02-08-2018,16675859.16
03-08-2018,13869636.97
04-08-2018,17238571.54
05-08-2018,16827546.84
06-08-2018,16250155.01
07-08-2018,13509990.36
08-08-2018,15410979.58
09-08-2018,6754995.179
10-08-2018,7599063.754
11-08-2018,9287200.905
12-08-2018,7283455.504
13-08-2018,6752548.603
14-08-2018,10131269.48
15-08-2018,11398595.63
16-08-2018,7178252.754
17-08-2018,10133716.06
18-08-2018,7459608.946
19-08-2018,8866389.905
20-08-2018,8974039.23
21-08-2018,6082186.894
22-08-2018,7491414.428
23-08-2018,9478033.8
24-08-2018,14261089.06
25-08-2018,13216401.29
26-08-2018,14642754.85
27-08-2018,15662976.87
28-08-2018,13891656.15
29-08-2018,15892954.97
30-08-2018,17072204.4
31-08-2018,17231231.82
01-09-2018,18121785.33
02-09-2018,18711410.04
03-09-2018,18819059.37
04-09-2018,19100415.56
05-09-2018,18973193.63
06-09-2018,20022774.55
07-09-2018,20433799.25
08-09-2018,24274922.91
09-09-2018,25131224.37
10-09-2018,25128777.79
11-09-2018,22332341.9
12-09-2018,27308676.63
13-09-2018,30738775.6
14-09-2018,36994669.36
15-09-2018,40314672.42
16-09-2018,40542203.95
17-09-2018,40728143.69
18-09-2018,44273231.71
19-09-2018,44679363.26
20-09-2018,43387571.35
21-09-2018,38832047.62
22-09-2018,37848524.23
23-09-2018,36378132.31
24-09-2018,34203126.62
25-09-2018,37978192.74
26-09-2018,45215163.31
27-09-2018,43172272.7
28-09-2018,42775927.45
29-09-2018,46927766.22
30-09-2018,46482489.46
01-10-2018,46905747.04
02-10-2018,43928264.55
03-10-2018,51294903.63
04-10-2018,49129684.24
05-10-2018,46722253.87
06-10-2018,42139817.8
07-10-2018,38538458.55
08-10-2018,40772182.05
09-10-2018,38692592.81
10-10-2018,38550691.43
11-10-2018,42002809.57
12-10-2018,42181409.59
13-10-2018,39066918.87
14-10-2018,39211266.83
15-10-2018,39392313.43
16-10-2018,39304236.71
17-10-2018,31142460.57
18-10-2018,33337038.86
19-10-2018,30802386.56
20-10-2018,29124035.71
21-10-2018,26009545
22-10-2018,29104463.11
23-10-2018,25630325.78
24-10-2018,31851967.49
25-10-2018,20854610.25
26-10-2018,22694435.09
27-10-2018,20296791.02
28-10-2018,38386770.86
29-10-2018,40437001.2
30-10-2018,44256105.68
31-10-2018,42868897.33
01-11-2018,37696836.55
02-11-2018,30631126.27
03-11-2018,27560673.92
04-11-2018,15381620.68
05-11-2018,5871781.394
06-11-2018,9651740.666
07-11-2018,5715200.557
08-11-2018,6728082.847
09-11-2018,6248554.033
10-11-2018,9470694.073
11-11-2018,12993762.91
12-11-2018,22594125.49
13-11-2018,37537809.14
14-11-2018,39788658.67
15-11-2018,40209469.67
16-11-2018,44446938.58
17-11-2018,42624239.77
18-11-2018,44787012.58
19-11-2018,45029223.56
20-11-2018,47603021.08
21-11-2018,47270286.8
22-11-2018,47431760.78
23-11-2018,50556037.8
24-11-2018,50967062.5
25-11-2018,52630733.89
26-11-2018,54277279.26
27-11-2018,52848479.12
28-11-2018,52718810.62
29-11-2018,49978645.96
30-11-2018,49873443.21
01-12-2018,49870996.64
02-12-2018,50416582.99
03-12-2018,53144514.77
04-12-2018,53501714.8
05-12-2018,53445443.56
06-12-2018,52863158.57
07-12-2018,44079952.24
08-12-2018,45007204.38
09-12-2018,44921574.24
10-12-2018,44170475.54
11-12-2018,47703330.67
12-12-2018,43585743.97
13-12-2018,43734985.08
14-12-2018,39837590.18
15-12-2018,41858461.61
16-12-2018,39272431.22
17-12-2018,40723250.54
18-12-2018,42382028.79
19-12-2018,42443193.18
20-12-2018,42876237.05
21-12-2018,42717209.64
22-12-2018,41951431.48
23-12-2018,41807083.52
24-12-2018,43189398.73
25-12-2018,45472053.74
26-12-2018,43605316.58
27-12-2018,43350872.72
28-12-2018,44610859.14
29-12-2018,44473850.91
30-12-2018,44375987.88
31-12-2018,44483637.21
01-01-2019,45078155.08
02-01-2019,45528324.98
03-01-2019,46130182.58
04-01-2019,46871494.98
05-01-2019,45569916.77
06-01-2019,46888621.01
07-01-2019,47077007.33
08-01-2019,44263445.41
09-01-2019,43297048.05
10-01-2019,42252360.28
11-01-2019,39157442.17
12-01-2019,42115352.05
13-01-2019,39037559.97
14-01-2019,41437650.61
15-01-2019,43345979.57
16-01-2019,39512195.63
17-01-2019,39384973.7
18-01-2019,42687850.73
19-01-2019,42550842.5
20-01-2019,42751461.7
21-01-2019,43507453.55
22-01-2019,44349075.55
23-01-2019,45472053.74
24-01-2019,44312376.92
25-01-2019,44627985.17
26-01-2019,44072612.51
27-01-2019,43984535.79
28-01-2019,44065272.79
29-01-2019,44806585.19
30-01-2019,44087291.97
31-01-2019,43495220.68
01-02-2019,36588537.81
02-02-2019,40045549.11
03-02-2019,39081598.33
04-02-2019,38741524.32
05-02-2019,39815571
06-02-2019,40104266.92
07-02-2019,37156143.35
08-02-2019,33691792.32
09-02-2019,36392811.76
10-02-2019,39864502.51
11-02-2019,36725546.04
12-02-2019,39431458.64
13-02-2019,39526875.08
14-02-2019,32828151.14
15-02-2019,33241622.42
16-02-2019,32006101.75
17-02-2019,36820962.49
18-02-2019,38195937.97
19-02-2019,33894858.1
20-02-2019,36221551.47
21-02-2019,39764192.91
22-02-2019,38095628.37
23-02-2019,36427063.82
24-02-2019,35812973.35
25-02-2019,34592132.14
26-02-2019,35783614.44
27-02-2019,35565869.22
28-02-2019,25967953.21
01-03-2019,27815117.78
02-03-2019,25329396.99
03-03-2019,25468851.8
04-03-2019,22185547.37
05-03-2019,22454670.68
06-03-2019,18679604.56
07-03-2019,14258642.48
08-03-2019,16839779.72
09-03-2019,16798187.94
10-03-2019,17055078.37
11-03-2019,17524820.89
12-03-2019,15631171.39
13-03-2019,11090327.11
14-03-2019,14153439.73
15-03-2019,11087880.53
16-03-2019,13671464.35
17-03-2019,13911228.75
18-03-2019,10830990.1
19-03-2019,11303179.18
20-03-2019,12736872.47
21-03-2019,10757592.83
22-03-2019,10681748.99
23-03-2019,10586332.54
24-03-2019,10407732.52
25-03-2019,8276765.19
26-03-2019,10706214.74
27-03-2019,10804077.76
28-03-2019,10985124.36
29-03-2019,11379023.03
30-03-2019,11741116.21
31-03-2019,11900143.63
01-04-2019,9223589.94
02-04-2019,11699524.43
03-04-2019,11760688.82
04-04-2019,12105655.97
05-04-2019,12426157.37
06-04-2019,16445881.05
07-04-2019,15809771.4
08-04-2019,15760839.89
09-04-2019,16475239.96
10-04-2019,15136963.12
11-04-2019,15628724.81
12-04-2019,15413426.16
13-04-2019,15616491.93
14-04-2019,15359601.5
15-04-2019,14640308.28
16-04-2019,12152140.91
17-04-2019,15966352.24
18-04-2019,13091625.93
19-04-2019,15469697.4
20-04-2019,15934546.76
21-04-2019,16800634.51
22-04-2019,15743713.86
23-04-2019,13500204.05
24-04-2019,11995560.07
25-04-2019,12059171.04
26-04-2019,10001600.97
27-04-2019,11511138.11
28-04-2019,11958861.44
29-04-2019,11814513.48
30-04-2019,11929502.53
01-05-2019,8998504.986
02-05-2019,11178403.83
03-05-2019,8335483.004
04-05-2019,11131918.89
05-05-2019,7951370.638
06-05-2019,11508691.53
07-05-2019,11983327.19
08-05-2019,8355055.608
09-05-2019,8800332.364
10-05-2019,10730680.5
11-05-2019,10380820.19
12-05-2019,11951521.71
13-05-2019,11927055.96
14-05-2019,11785154.57
15-05-2019,14865393.23
16-05-2019,11706864.15
17-05-2019,11765581.97
18-05-2019,11897697.05
19-05-2019,10454217.46
20-05-2019,11814513.48
21-05-2019,12758891.65
22-05-2019,7922011.731
23-05-2019,11709310.73
24-05-2019,11750902.51
25-05-2019,9343472.143
26-05-2019,12320954.62
27-05-2019,9717798.207
28-05-2019,11476886.05
29-05-2019,12186392.97
30-05-2019,14425009.62
31-05-2019,14946130.22
01-06-2019,11951521.71
02-06-2019,12083636.79
03-06-2019,13615193.11
04-06-2019,7907332.277
05-06-2019,11763135.39
06-06-2019,11936842.26
07-06-2019,10383266.76
08-06-2019,13072053.33
09-06-2019,12291595.72
10-06-2019,11956414.86
11-06-2019,13473291.72
12-06-2019,12198625.85
13-06-2019,12188839.54
14-06-2019,12098316.25
15-06-2019,9683546.149
16-06-2019,14175458.92
17-06-2019,16311319.4
18-06-2019,16414075.57
19-06-2019,14779763.08
20-06-2019,15031760.37
21-06-2019,12472642.31
22-06-2019,13933247.93
23-06-2019,14520426.07
24-06-2019,12269576.54
25-06-2019,13693483.53
26-06-2019,13326497.19
27-06-2019,10647496.93
28-06-2019,12482428.61
29-06-2019,12722193.02
30-06-2019,5306622.435
01-07-2019,7503647.306
02-07-2019,8969146.079
03-07-2019,11684844.97
04-07-2019,13387661.58
05-07-2019,15105157.64
06-07-2019,15388960.4
07-07-2019,15851363.19
08-07-2019,16218349.53
09-07-2019,15501502.88
10-07-2019,16318659.12
11-07-2019,18212308.62
12-07-2019,16323552.28
13-07-2019,17676508.57
14-07-2019,19770777.27
15-07-2019,19665574.52
16-07-2019,24052284.53
17-07-2019,24710413.37
18-07-2019,24800936.66
19-07-2019,24962410.65
20-07-2019,29287956.28
21-07-2019,34029419.75
22-07-2019,34949332.17
23-07-2019,32906441.56
24-07-2019,33219603.24
25-07-2019,33493619.7
26-07-2019,34604365.01
27-07-2019,30777920.81
28-07-2019,31592630.47
29-07-2019,25326950.41
30-07-2019,23061421.42
31-07-2019,20025221.13
01-08-2019,9238269.393
02-08-2019,8137310.382
03-08-2019,14133867.13
04-08-2019,10464003.76
05-08-2019,3244159.22
06-08-2019,9096368.009
07-08-2019,13123431.42
08-08-2019,13213954.71
09-08-2019,52877838.03
10-08-2019,127982815.2
11-08-2019,130299722.3
12-08-2019,131792133.4
13-08-2019,128645837.2
14-08-2019,130412264.8
15-08-2019,131486311.4
16-08-2019,124469532.7
17-08-2019,132455155.4
18-08-2019,132785443.1
19-08-2019,118705400.6
20-08-2019,120305461
21-08-2019,129348004.4
22-08-2019,132396437.6
23-08-2019,134740257
24-08-2019,134923750.1
25-08-2019,136934835.3
26-08-2019,138549575.1
27-08-2019,138138550.4
28-08-2019,137668807.9
29-08-2019,139016871.1
30-08-2019,144157126.4
31-08-2019,147200666.4
01-09-2019,149485768
02-09-2019,147910173.3
03-09-2019,146924203.4
04-09-2019,120400877.5
05-09-2019,140675649.3
06-09-2019,145289890.9
07-09-2019,145644644.3
08-09-2019,148563409
09-09-2019,151462601.1
10-09-2019,151261981.9
11-09-2019,147714447.3
12-09-2019,146929096.5
13-09-2019,145818351.2
14-09-2019,147961551.4
15-09-2019,148083880.2
16-09-2019,148898589.8
17-09-2019,150980625.7
18-09-2019,150141450.2
19-09-2019,148257587
20-09-2019,146300326.6
21-09-2019,147638603.4
22-09-2019,148521817.2
23-09-2019,146263627.9
24-09-2019,146153532
25-09-2019,146319899.2
26-09-2019,147386606.1
27-09-2019,148164617.2
28-09-2019,130008579.8
29-09-2019,130373119.5
30-09-2019,124312951.8
01-10-2019,100439267.3
02-10-2019,93309946.08
03-10-2019,99932826.17
04-10-2019,101848494.9
05-10-2019,106959391.2
06-10-2019,103113374.4
07-10-2019,116058205.8
08-10-2019,113034238.4
09-10-2019,118233211.5
10-10-2019,115461241.4
11-10-2019,116121816.8
12-10-2019,117878458.1
13-10-2019,117264367.6
14-10-2019,94878201.02
15-10-2019,92135589.8
16-10-2019,93009017.28
17-10-2019,85287624.75
18-10-2019,77483048.64
19-10-2019,57604622.05
20-10-2019,57673126.17
21-10-2019,47710670.4
22-10-2019,45053689.32
23-10-2019,43277475.45
24-10-2019,35267387
25-10-2019,32720501.82
26-10-2019,29060424.75
27-10-2019,20690689.69
28-10-2019,10701321.59
29-10-2019,13125877.99
30-10-2019,26528219.02
31-10-2019,28059775.34
01-11-2019,44243872.8
02-11-2019,68132236.77
03-11-2019,71420434.35
04-11-2019,54194095.69
05-11-2019,47529623.81
06-11-2019,40755056.02
07-11-2019,49856317.19
08-11-2019,41501261.58
09-11-2019,31333293.46
10-11-2019,31255003.04
11-11-2019,26153892.96
12-11-2019,50081402.14
13-11-2019,48107015.65
14-11-2019,51414785.83
15-11-2019,49031821.21
16-11-2019,44270785.13
17-11-2019,36018485.7
18-11-2019,47106366.23
19-11-2019,50098528.17
20-11-2019,53247270.94
21-11-2019,57034569.94
22-11-2019,59043208.49
23-11-2019,58013200.17
24-11-2019,59097033.15
25-11-2019,59745375.68
26-11-2019,59552096.21
27-11-2019,59397961.95
28-11-2019,59723356.5
29-11-2019,61269592.27
30-11-2019,65989036.57
01-12-2019,69786121.87
02-12-2019,70669335.65
03-12-2019,71459579.56
04-12-2019,70370853.43
05-12-2019,71449793.26
06-12-2019,70148215.05
07-12-2019,69837499.95
08-12-2019,72976456.42
09-12-2019,71254067.22
10-12-2019,73632138.68
11-12-2019,65387178.97
12-12-2019,59649959.24
13-12-2019,61071419.65
14-12-2019,61690403.27
15-12-2019,61372348.44
16-12-2019,69176924.55
17-12-2019,73088998.9
18-12-2019,72910398.88
19-12-2019,73250472.89
20-12-2019,73385034.55
21-12-2019,70280330.13
22-12-2019,68425825.84
23-12-2019,69421582.11
24-12-2019,70622850.72
25-12-2019,72200891.96
26-12-2019,64917436.46
27-12-2019,63478850.02
28-12-2019,61947293.71
29-12-2019,62850080.1
30-12-2019,61653704.64
31-12-2019,61766247.11
01-01-2020,61568074.49
02-01-2020,61489784.07
03-01-2020,62801148.58
04-01-2020,60746025.1
05-01-2020,61771140.26
06-01-2020,60371699.03
07-01-2020,57541011.08
08-01-2020,56802145.26
09-01-2020,53768391.54
10-01-2020,54247920.35
11-01-2020,49557834.96
12-01-2020,52151205.08
13-01-2020,62793808.86
14-01-2020,65343140.61
15-01-2020,69419135.53
16-01-2020,70666889.08
17-01-2020,66236140.7
18-01-2020,63165688.35
19-01-2020,59725803.08
20-01-2020,59738035.96
21-01-2020,69580609.52
22-01-2020,72093242.64
23-01-2020,69228302.63
24-01-2020,73314083.85
25-01-2020,72374598.83
26-01-2020,72501820.76
27-01-2020,71973360.44
28-01-2020,74877445.65
29-01-2020,75909900.55
30-01-2020,74730651.12
31-01-2020,73490237.3
01-02-2020,74654807.27
02-02-2020,74870105.92
03-02-2020,73930620.9
04-02-2020,74400363.41
05-02-2020,75244431.99
06-02-2020,71055894.59
07-02-2020,72266949.51
08-02-2020,71586801.49
09-02-2020,72100582.37
10-02-2020,74322072.99
11-02-2020,74202190.79
12-02-2020,73933067.48
13-02-2020,76827366.39
14-02-2020,72878593.4
15-02-2020,69698045.15
16-02-2020,72374598.83
17-02-2020,66539516.07
18-02-2020,73052300.27
19-02-2020,75528234.75
20-02-2020,74292714.09
21-02-2020,75868308.76
22-02-2020,75100084.03
23-02-2020,75082958
24-02-2020,74808941.53
25-02-2020,72611916.66
26-02-2020,74351431.9
27-02-2020,72788070.1
28-02-2020,67743231.26
29-02-2020,57379537.1
01-03-2020,46866601.83
02-03-2020,43294601.48
03-03-2020,49919928.15
04-03-2020,42122691.77
05-03-2020,37315170.76
06-03-2020,38151899.61
07-03-2020,39054686
08-03-2020,44586393.38
09-03-2020,85272945.29
10-03-2020,74373451.08
11-03-2020,72249823.48
12-03-2020,75185714.17
13-03-2020,76306245.79
14-03-2020,63366307.54
15-03-2020,61626792.3
16-03-2020,58903753.68
17-03-2020,58744726.27
18-03-2020,58157548.13
19-03-2020,61223107.33
20-03-2020,73475557.84
21-03-2020,75339848.44
22-03-2020,65487488.57
23-03-2020,59970460.64
24-03-2020,48124141.67
25-03-2020,48532719.8
26-03-2020,45386423.6
27-03-2020,44637771.47
28-03-2020,39844929.91
29-03-2020,41525727.33
30-03-2020,38934803.79
31-03-2020,33437348.46
01-04-2020,36067417.21
02-04-2020,42819965.82
03-04-2020,46543653.85
04-04-2020,43805935.77
05-04-2020,45550344.16
06-04-2020,51365854.32
07-04-2020,44728294.77
08-04-2020,44632878.32
09-04-2020,47255607.34
10-04-2020,53653402.49
11-04-2020,43619996.03
12-04-2020,43524579.58
13-04-2020,49381681.52
14-04-2020,47287412.83
15-04-2020,57966715.24
16-04-2020,44662237.23
17-04-2020,34528521.17
18-04-2020,32801238.81
19-04-2020,25938594.31
20-04-2020,21573903.47
21-04-2020,17179853.73
22-04-2020,16519278.32
23-04-2020,68193401.16
24-04-2020,72337900.2
25-04-2020,52417881.82
26-04-2020,34479589.66
27-04-2020,25681703.87
28-04-2020,25850517.59
29-04-2020,25801586.08
30-04-2020,25835838.13
01-05-2020,29897153.6
02-05-2020,32610405.92
03-05-2020,23474892.7
04-05-2020,21882171.99
05-05-2020,23254700.9
06-05-2020,14970595.98
07-05-2020,15477037.12
08-05-2020,15009741.19
09-05-2020,19215404.61
10-05-2020,20465604.73
11-05-2020,17803730.5
12-05-2020,25588734
13-05-2020,21490719.9
14-05-2020,25860303.89
15-05-2020,24174613.31
16-05-2020,39172121.62
17-05-2020,30369342.68
18-05-2020,31685600.35
19-05-2020,32916227.86
20-05-2020,34768285.58
21-05-2020,33814121.1
22-05-2020,37919474.93
23-05-2020,27927660.25
24-05-2020,23188643.35
25-05-2020,32233633.28
26-05-2020,18571955.23
27-05-2020,16374930.36
28-05-2020,12785803.99
29-05-2020,12702620.42
30-05-2020,12648795.75
31-05-2020,12624330
01-06-2020,12592524.51
02-06-2020,12409031.35
03-06-2020,20443585.55
04-06-2020,13172362.93
05-06-2020,18065514.09
06-06-2020,25314717.53
07-06-2020,20715155.44
08-06-2020,25131224.37
09-06-2020,21622834.98
10-06-2020,19411130.66
11-06-2020,19440489.57
12-06-2020,16705218.07
13-06-2020,29383372.73
14-06-2020,50286914.49
15-06-2020,53814876.48
16-06-2020,71408201.48
17-06-2020,98012264.34
18-06-2020,126414560.3
19-06-2020,127740604.2
20-06-2020,127809108.3
21-06-2020,132455155.4
22-06-2020,128924746.8
23-06-2020,130546826.4
24-06-2020,134918857
25-06-2020,134750043.3
26-06-2020,135337221.4
27-06-2020,131354196.4
28-06-2020,133313903.4
29-06-2020,133561007.5
30-06-2020,137480421.6
01-07-2020,130529700.4
02-07-2020,123258477.8
03-07-2020,84986695.95
04-07-2020,60388825.06
05-07-2020,45391316.75
06-07-2020,50367651.48
07-07-2020,42942294.59
08-07-2020,38296247.57
09-07-2020,40507951.89
10-07-2020,36818515.92
11-07-2020,42868897.33
12-07-2020,38208170.85
13-07-2020,35658839.09
14-07-2020,28928309.67
15-07-2020,32103964.77
16-07-2020,33613501.9
17-07-2020,34516288.29
18-07-2020,31369992.1
19-07-2020,32201827.79
20-07-2020,33268534.75
21-07-2020,37885222.87
22-07-2020,38230190.03
23-07-2020,38340285.93
24-07-2020,38345179.08
25-07-2020,38293800.99
26-07-2020,38195937.97
27-07-2020,38191044.82
28-07-2020,38550691.43
29-07-2020,28350917.83
30-07-2020,32470951.11
31-07-2020,35702877.45
01-08-2020,33625734.78
02-08-2020,33965808.79
03-08-2020,33804334.8
04-08-2020,32952926.5
05-08-2020,33089934.73
06-08-2020,33182904.6
07-08-2020,24698180.49
08-08-2020,16891157.81
09-08-2020,19406237.51
10-08-2020,16639160.53
11-08-2020,12355206.68
12-08-2020,7200271.934
13-08-2020,5086430.632
14-08-2020,5526814.237
15-08-2020,7006992.463
16-08-2020,7290795.231
17-08-2020,535800.0522
18-08-2020,6118885.528
19-08-2020,4269274.388
20-08-2020,5465649.848
21-08-2020,6378222.539
22-08-2020,4455214.133
23-08-2020,5497455.33
24-08-2020,4320652.476
25-08-2020,560265.808
26-08-2020,10111696.88
27-08-2020,59402855.1
28-08-2020,96299661.44
29-08-2020,104052859.5
30-08-2020,121624165.3
31-08-2020,133313903.4
01-09-2020,136641246.2
02-09-2020,134079681.6
03-09-2020,140460350.7
04-09-2020,137213744.9
05-09-2020,140465243.8
06-09-2020,111306956
07-09-2020,80991438.03
08-09-2020,93752776.26
09-09-2020,66150510.55
10-09-2020,77387632.2
11-09-2020,98413502.74
12-09-2020,135474229.6
13-09-2020,135327435.1
14-09-2020,135014273.4
15-09-2020,104052859.5
16-09-2020,26119640.9
17-09-2020,103042423.7
18-09-2020,119887096.6
19-09-2020,133350602
20-09-2020,137796029.9
21-09-2020,143645792.1
22-09-2020,149038044.7
23-09-2020,149522466.6
24-09-2020,150958606.5
25-09-2020,150696822.9
26-09-2020,150163469.4
27-09-2020,150545135.2
28-09-2020,151249749
29-09-2020,152316455.9
30-09-2020,152076691.5
01-10-2020,154244357.5
02-10-2020,154398491.8
03-10-2020,118822836.2
04-10-2020,48821415.71
05-10-2020,48816522.56
06-10-2020,47052541.57
07-10-2020,46223152.45
08-10-2020,46232938.75
09-10-2020,46000514.07
10-10-2020,45968708.59
11-10-2020,45601722.25
12-10-2020,45824360.63
13-10-2020,39710368.25
14-10-2020,25314717.53
15-10-2020,23423514.61
16-10-2020,30393808.44
17-10-2020,15207913.81
18-10-2020,11518477.83
19-10-2020,11518477.83
20-10-2020,16886264.66
21-10-2020,21224043.16
22-10-2020,27264638.27
23-10-2020,33197584.06
24-10-2020,54999019.06
25-10-2020,61448192.29
26-10-2020,41026625.91
27-10-2020,33520532.03
28-10-2020,33990274.54
29-10-2020,34308329.37
30-10-2020,36223998.05
31-10-2020,34489375.96
01-11-2020,23971547.54
02-11-2020,30406041.32
03-11-2020,26995514.96
04-11-2020,28353364.41
05-11-2020,32010994.9
06-11-2020,26359405.31
07-11-2020,30812172.86
08-11-2020,33214710.08
09-11-2020,30489224.89
10-11-2020,30594427.64
11-11-2020,31979189.42
12-11-2020,32478290.84
13-11-2020,30733882.45
14-11-2020,30954074.25
15-11-2020,29190093.25
16-11-2020,30983433.16
17-11-2020,29077550.78
18-11-2020,34858808.88
19-11-2020,30726542.72
20-11-2020,36869894
21-11-2020,41648056.11
22-11-2020,45004757.81
23-11-2020,42521483.59
24-11-2020,44708722.16
25-11-2020,44172922.11
26-11-2020,44427365.97
27-11-2020,43106215.16
